SENDER_WALLET,TRANSACTIONS
0x0000000000000000000000000000000000000000,"Ethereum,Base,Ethereum,Scroll,Ethereum,Scroll,Ethereum,Arbitrum,Ethereum,Arbitrum"
0x0000000000003e6b8283d286abdbf9a6efa129d0,"Polygon,Arbitrum"
0x0000000000008e356bebe1e3ccf19d13436202b8,"Arbitrum,Ethereum"
0x000000000000d34c44564053af35e4fe271d0caa,"Arbitrum,Ethereum,Base,BNB Chain"
0x0000000000163081ad5a1a8bf11955a908c1dbb4,"Avalanche,BNB Chain"
0x0000000000234a48603574189845c2d27028dad3,"Arbitrum,Ethereum"
0x000000000036277944858dfe6b9ae18c929e570c,"Polygon,Kava"
0x000000000050b0192644829bb79e6c489a287f3c,"Polygon,Arbitrum,Polygon,Arbitrum,Polygon,Arbitrum,Polygon,Arbitrum,Polygon,Arbitrum,Polygon,Arbitrum,Polygon,Arbitrum,Polygon,Arbitrum,Polygon,Arbitrum,Polygon,Arbitrum,Polygon,Arbitrum,Polygon,Arbitrum"
0x00000000005ef87f8ca7014309ece7260bbcdaeb,"Optimism,Goerli"
0x00000000006c27bf07bf1762e9be0735c5aea30a,"Arbitrum,Optimism,Avalanche,Optimism,Arbitrum,Optimism,Optimism,Avalanche,Optimism,Avalanche"
0x00000000007cee88e01241c9db0a02b859db5b52,"BNB Chain,Arbitrum"
0x000000000087781798788d5374ab5ec82044bb88,"Ethereum,Base,Base,Polygon,Ethereum,Mantle"
0x0000000000ac58e588070969dce9c6e87e8e7173,"Ethereum,Manta"
0x0000000000ad737a527c2757136ae83bb40b925e,"Ethereum,Merit Circle,Metis,Ethereum"
0x0000000000b22be823d0ae44bb4bca3c02281943,"Arbitrum,Ethereum,Arbitrum,Ethereum"
0x0000000000b6e2b38398f748d1135d948306eca4,"BNB Chain,Ethereum,Ethereum,BNB Chain"
0x0000000000bb4761533436fb8c884322dcdfd29a,"BNB Chain,Avalanche,Avalanche,Optimism,Optimism,Arbitrum,Arbitrum,Avalanche,BNB Chain,Metis"
0x0000000000f5a3cdd25f02a305ec348e6b518fff,"Core Blockchain Mainnet,BNB Chain"
0x0000000000f6b28110192be56ce7a4a9c75c79eb,"BNB Chain,Polygon,BNB Chain,Core Blockchain Mainnet,BNB Chain,Celo Mainnet,BNB Chain,Mantle,Polygon,Core Blockchain Mainnet,Polygon,Mantle,Polygon,Celo Mainnet,Core Blockchain Mainnet,Polygon,Celo Mainnet,Polygon"
0x0000000002c0fd34c64a4813d6568abf13b0adda,"Arbitrum,Polygon,Polygon,Avalanche,Polygon,Arbitrum Nova"
0x00000000037a08ce8c4917a5c58f40c85367df0c,"Arbitrum,,Optimism,Arbitrum,Optimism,Arbitrum,Arbitrum,Polygon,Polygon,BNB Chain,BNB Chain,Base,Optimism,Linea,Ethereum,Manta,Arbitrum,BNB Chain"
0x00000000051cbce3fd04148cce2c0adc7c651829,"Polygon,Optimism,Arbitrum,Ethereum,Polygon,BNB Chain,Optimism,Arbitrum"
0x0000000005d8508109bbdc10b508c4291da70102,"Ethereum,Optimism,Optimism,Arbitrum,Optimism,Polygon,Optimism,Base,Optimism,Ethereum"
0x000000000799a08e40de98f85f28aecea4e2c006,"Fantom,Moonriver,Klaytn Mainnet Cypress,DFK,Klaytn Mainnet Cypress,DFK,Klaytn Mainnet Cypress,DFK,Polygon,Harmony,Polygon,Moonbeam,BNB Chain,Gnosis,BNB Chain,Celo Mainnet,Avalanche,Moonriver,Moonriver,Fantom,Moonbeam,Harmony,Celo Mainnet,Gnosis,Gnosis,Celo Mainnet,Harmony,Moonbeam,Polygon,Arbitrum"
0x0000000007cb415122b0049a88bf24841260050e,"Optimism,Arbitrum,Arbitrum,Polygon,Polygon,Avalanche,Optimism,Base"
0x00000000091b2041a94d32b05556c52028161b28,"Polygon,Fantom,Polygon,Fantom,Polygon,Fantom,Arbitrum,Avalanche,Arbitrum,Polygon,Arbitrum,BNB Chain,Polygon,Gnosis,Gnosis,Celo Mainnet,Celo Mainnet,Gnosis,Gnosis,Celo Mainnet,Celo Mainnet,Gnosis,Gnosis,Celo Mainnet,Celo Mainnet,Gnosis,Gnosis,Celo Mainnet,Celo Mainnet,Gnosis,Gnosis,Celo Mainnet,Celo Mainnet,Gnosis,Gnosis,Celo Mainnet,Celo Mainnet,Gnosis,Gnosis,Celo Mainnet,Celo Mainnet,Gnosis,Gnosis,Celo Mainnet,Celo Mainnet,Gnosis,Gnosis,Polygon,Polygon,Arbitrum,Arbitrum,Optimism,Polygon,Tenet,Polygon,Moonbeam,Polygon,Harmony,Celo Mainnet,BNB Chain,Celo Mainnet,BNB Chain,Celo Mainnet,BNB Chain,Celo Mainnet,BNB Chain,Celo Mainnet,BNB Chain,Celo Mainnet,BNB Chain,Celo Mainnet,BNB Chain,Celo Mainnet,BNB Chain,Celo Mainnet,BNB Chain,Celo Mainnet,BNB Chain,Celo Mainnet,BNB Chain,Celo Mainnet,BNB Chain,Celo Mainnet,BNB Chain,Celo Mainnet,BNB Chain,Celo Mainnet,BNB Chain,Celo Mainnet,BNB Chain,Celo Mainnet,BNB Chain,Celo Mainnet,BNB Chain,Celo Mainnet,BNB Chain,Celo Mainnet,BNB Chain,Celo Mainnet,BNB Chain,Celo Mainnet,BNB Chain,Celo Mainnet,BNB Chain,Celo Mainnet,BNB Chain,Celo Mainnet,BNB Chain,Celo Mainnet,BNB Chain,Celo Mainnet,BNB Chain,Celo Mainnet,BNB Chain,Celo Mainnet,BNB Chain,Celo Mainnet,BNB Chain"
0x000000000a38444e0a6e37d3b630d7e855a7cb13,"Polygon,Optimism,Optimism,Avalanche,Avalanche,Arbitrum,Avalanche,Ethereum,Arbitrum,Ethereum,Optimism,Ethereum,BNB Chain,,Polygon,,Ethereum,Avalanche,Avalanche,Arbitrum,Ethereum,Arbitrum,Arbitrum,Ethereum,Avalanche,Arbitrum,BNB Chain,Arbitrum,Ethereum,Arbitrum,Ethereum,Optimism,Ethereum,Arbitrum,Ethereum,Arbitrum,Ethereum,Fantom,Optimism,Base,Ethereum,Arbitrum,Arbitrum,Optimism,Optimism,Base,Arbitrum,Linea,Base,Linea,Linea,Arbitrum,Arbitrum,Optimism,Optimism,Arbitrum,Arbitrum,Optimism,Optimism,Arbitrum,Arbitrum,Polygon zkEVM,Polygon,Optimism,Ethereum,Arbitrum,Arbitrum,BNB Chain,BNB Chain,Avalanche,Avalanche,Polygon,Arbitrum,Base,Base,Linea,Linea,Mantle,Mantle,BNB Chain,Polygon,Arbitrum,BNB Chain,Polygon,Polygon,Arbitrum,Fantom,Optimism,Arbitrum,Optimism,Arbitrum,Optimism,Ethereum,Base,Optimism,Base,Base,Arbitrum,Arbitrum,,Fantom,Arbitrum,Fantom,Optimism,Optimism,BNB Chain,Arbitrum,Optimism,,Avalanche,Ethereum,Mantle"
0x000000000b9b408ce8fa24466f56ea3c365708bb,"Goerli,Ethereum"
0x000000000e0d79ad5f864be9dc6cc3bef3e937e0,"Optimism,Arbitrum,Arbitrum,Optimism,Optimism,Arbitrum,Arbitrum,Optimism,Optimism,Arbitrum,Arbitrum,Optimism,Optimism,Arbitrum,Arbitrum,Optimism,Arbitrum,Fantom,Fantom,Polygon,Polygon,Fantom,Fantom,Avalanche,Avalanche,Polygon,Polygon,Avalanche,Avalanche,Arbitrum,Arbitrum,Optimism"
0x000000000f4141775240685a4e005ed819846840,"BNB Chain,,BNB Chain,,Ethereum,Arbitrum,Ethereum,Arbitrum"
0x000000000f4b8da5d27aec779a957d046c8c473c,"Arbitrum,Optimism,Optimism,Arbitrum,Arbitrum,Optimism,Arbitrum,Optimism,Optimism,Arbitrum,Arbitrum,Optimism,Optimism,Arbitrum,Arbitrum,Optimism,Optimism,Arbitrum,Arbitrum,Optimism,Optimism,Arbitrum,Arbitrum,Optimism,Optimism,Arbitrum"
0x0000000021f61775b1f8087024d4e541bc15aeb8,"Polygon,Fantom,Fantom,Polygon,Polygon,Arbitrum,Arbitrum,Avalanche,Avalanche,Arbitrum,Arbitrum,Avalanche,Avalanche,Arbitrum,Arbitrum,Optimism,Optimism,Arbitrum,Arbitrum,Polygon,Arbitrum,Optimism,Arbitrum,Polygon,Polygon,Fantom,Fantom,Polygon,Polygon,Arbitrum,Arbitrum,Optimism,Optimism,Avalanche,Arbitrum,Polygon,Polygon,Avalanche"
0x000000002db9eae8bd9cc134752500f2c38334f3,"BNB Chain,Ethereum,BNB Chain,Ethereum,Ethereum,BNB Chain,BNB Chain,Ethereum,BNB Chain,Ethereum,Ethereum,BNB Chain,Ethereum,BNB Chain,BNB Chain,Ethereum,BNB Chain,Ethereum,BNB Chain,Ethereum,BNB Chain,Ethereum,BNB Chain,Ethereum,Avalanche,BNB Chain,Ethereum,Merit Circle,Merit Circle,Ethereum,Ethereum,Merit Circle,Ethereum,Merit Circle,Ethereum,Merit Circle,Merit Circle,Ethereum,Merit Circle,Ethereum,Merit Circle,Ethereum,Ethereum,Merit Circle,Merit Circle,Ethereum,Merit Circle,Ethereum,Ethereum,Merit Circle,Merit Circle,Ethereum,Ethereum,Merit Circle,Merit Circle,Ethereum,Ethereum,Merit Circle,Merit Circle,Ethereum,Merit Circle,Ethereum,Merit Circle,Ethereum,Merit Circle,Ethereum,Merit Circle,Ethereum,Ethereum,Merit Circle,Merit Circle,Ethereum,Merit Circle,Ethereum,Ethereum,Merit Circle,Merit Circle,Ethereum,Merit Circle,Ethereum,Merit Circle,Ethereum,Merit Circle,Ethereum,Merit Circle,Ethereum,Merit Circle,Ethereum,Merit Circle,Ethereum,Merit Circle,Ethereum,Merit Circle,Ethereum,Merit Circle,Ethereum,Merit Circle,Ethereum,Ethereum,Merit Circle,Ethereum,Merit Circle,Merit Circle,Ethereum,Merit Circle,Ethereum,Ethereum,Merit Circle,Merit Circle,Ethereum,Merit Circle,Ethereum,Merit Circle,Ethereum,Ethereum,Merit Circle,Merit Circle,Ethereum,Merit Circle,Ethereum,Merit Circle,Ethereum,Merit Circle,Ethereum,Merit Circle,Ethereum,Merit Circle,Ethereum,Merit Circle,Ethereum,Ethereum,Merit Circle,Ethereum,Merit Circle,Ethereum,Merit Circle,Merit Circle,Ethereum,Ethereum,Merit Circle,Ethereum,Merit Circle,Merit Circle,Ethereum,Ethereum,Merit Circle,Merit Circle,Ethereum,Ethereum,Merit Circle,Merit Circle,Ethereum,Ethereum,Merit Circle,Ethereum,Merit Circle,Ethereum,Merit Circle,Ethereum,Merit Circle,Merit Circle,Ethereum,Ethereum,Merit Circle,Ethereum,Merit Circle,Merit Circle,Ethereum,Merit Circle,Ethereum,Merit Circle,Ethereum,Merit Circle,Ethereum,Merit Circle,Ethereum"
0x0000000040307ca0aeb9adaf516fc7028528fb58,"Arbitrum,Optimism,Arbitrum,Optimism,Arbitrum,Optimism,Arbitrum,,Arbitrum,,Optimism,Arbitrum,Arbitrum,Optimism,Arbitrum,Optimism,Optimism,Arbitrum,Arbitrum,Optimism,Arbitrum,Optimism,Optimism,Arbitrum,Arbitrum,Avalanche,Arbitrum,Polygon,Arbitrum,Fantom,Arbitrum,BNB Chain,Arbitrum,Optimism,Polygon,Moonbeam,BNB Chain,Arbitrum,Arbitrum,Optimism,Optimism,Polygon,Polygon,BNB Chain,Arbitrum,BNB Chain,BNB Chain,Polygon"
0x0000000044c110e84cb987b8329e6b8b452c6ccb,"Fantom,Moonriver,Klaytn Mainnet Cypress,DFK,Klaytn Mainnet Cypress,DFK,Klaytn Mainnet Cypress,DFK,Polygon,Moonbeam,Polygon,Harmony,BNB Chain,Celo Mainnet,BNB Chain,Gnosis,Avalanche,Moonriver,Moonriver,Fantom,Polygon,Harmony,Moonbeam,Harmony,Celo Mainnet,Gnosis,Gnosis,Celo Mainnet,Harmony,Moonbeam,Klaytn Mainnet Cypress,DFK,BNB Chain,Avalanche,Avalanche,Polygon,Polygon,BNB Chain,BNB Chain,Metis,Metis,BNB Chain,Polygon,Arbitrum"
0x0000000044f5f8103a11240ff7f5c7ba37e17cbf,"zkSync Era Mainnet,Polygon,zkSync Era Mainnet,BNB Chain,zkSync Era Mainnet,Arbitrum Nova,zkSync Era Mainnet,Base,zkSync Era Mainnet,Base,Arbitrum,Base,Arbitrum,Linea,BNB Chain,Arbitrum"
0x0000000048d14e971ae06a4339bd254799092cd2,"Arbitrum,Polygon"
0x000000005af8a19c078acf210b11f79a1debf366,"Arbitrum,zkSync Era Mainnet,Arbitrum,BNB Chain,Arbitrum,zkSync Era Mainnet,BNB Chain,zkSync Era Mainnet"
0x000000005ebfb5a950f8fdf3248e99614a7ff220,"Optimism,Arbitrum,Optimism,Arbitrum,BNB Chain,Optimism,Arbitrum,Polygon,Polygon,Avalanche,Arbitrum,Polygon,BNB Chain,Arbitrum,BNB Chain,Arbitrum,Arbitrum,Polygon,Optimism,BNB Chain,Arbitrum,Avalanche,Polygon,BNB Chain,Avalanche,Arbitrum,Polygon,BNB Chain,BNB Chain,Arbitrum,BNB Chain,Metis,BNB Chain,Kava,zkSync Era Mainnet,BNB Chain,Arbitrum,Polygon,Arbitrum,BNB Chain,Optimism,Polygon,Optimism,Linea,Linea,Base,Base,Linea,Polygon,Optimism,Optimism,Polygon,Polygon,Arbitrum,Optimism,Arbitrum,Arbitrum,Optimism,Optimism,Arbitrum"
0x00000000632eece87d2031a5531549f96e873f8c,"BNB Chain,Optimism,Optimism,BNB Chain,BNB Chain,Arbitrum,BNB Chain,Arbitrum,Polygon,Optimism,BNB Chain,Polygon,Arbitrum,Optimism,Optimism,Base,Optimism,Base,Optimism,Base,Arbitrum,BNB Chain,Base,Gnosis,zkSync Era Mainnet,Base"
0x0000000068cf47ffa0d1f5df04fd83590401c5d2,"Arbitrum,Optimism,Optimism,Base,Optimism,Base,Optimism,Base,Base,Gnosis,Base,Moonbeam,zkSync Era Mainnet,Base"
0x0000000068deaf40b35b54947d8382e5c3bd2142,"Arbitrum,zkSync Era Mainnet,Arbitrum,zkSync Era Mainnet"
0x000000006b4bd0274e8f943201a922295d13fc28,"Fantom,Polygon,Polygon,Avalanche,Polygon,Fantom,BNB Chain,Fantom,BNB Chain,Optimism,Arbitrum,Fantom,DFK,Klaytn Mainnet Cypress,Klaytn Mainnet Cypress,DFK,DFK,Klaytn Mainnet Cypress,DFK,Klaytn Mainnet Cypress,Klaytn Mainnet Cypress,DFK,Klaytn Mainnet Cypress,Gnosis,Klaytn Mainnet Cypress,DFK,Gnosis,Fuse Mainnet,Klaytn Mainnet Cypress,DFK,Avalanche,Dexalot Subnet,zkSync Era Mainnet,Arbitrum Nova,Base,Zora,Polygon,Conflux eSpace,Celo Mainnet,Conflux eSpace,Fantom,,Fantom,Merit Circle,zkSync Era Mainnet,Klaytn Mainnet Cypress"
0x000000006f457c0f8f560333d9c2877287d92a92,"Polygon,Fantom,BNB Chain,Polygon,Polygon,Gnosis,BNB Chain,Polygon,Polygon,Gnosis,Gnosis,Celo Mainnet,Celo Mainnet,Gnosis,Celo Mainnet,Gnosis,BNB Chain,Optimism,Optimism,Polygon,BNB Chain,Core Blockchain Mainnet,DFK,Klaytn Mainnet Cypress,Arbitrum,Polygon,Arbitrum,Polygon,BNB Chain,Polygon,Polygon,Core Blockchain Mainnet,Core Blockchain Mainnet,Polygon,Polygon,BNB Chain,Optimism,Polygon,BNB Chain,Mantle,Polygon,Moonbeam,Polygon,BNB Chain,Celo Mainnet,Polygon,Arbitrum,Avalanche,Linea,Arbitrum,Linea,Arbitrum,Arbitrum,Linea,Base,Linea,Avalanche,Mantle,Ethereum,Manta,Base,Zora,Optimism,Base,zkSync Era Mainnet,Arbitrum Nova,zkSync Era Mainnet,Arbitrum Nova,Arbitrum,Optimism,Linea,Base,Base,Arbitrum,Arbitrum,,Arbitrum,Linea"
0x00000000763e7cd1dbfd125da811281bcf61b013,"Arbitrum,Base,Arbitrum,Base"
0x000000007d905ab8199381328c3fb0a75754b6af,"Ethereum,Polygon,Ethereum,Arbitrum,Arbitrum,Ethereum,Ethereum,Arbitrum,Ethereum,Base,Ethereum,Base,Optimism,Base,Polygon,Kava"
0x0000000080ce2ffc8c5af92d5427aaf7cb786c73,"Arbitrum,Optimism,Optimism,Arbitrum,Arbitrum,Optimism,Arbitrum,Optimism,Optimism,Arbitrum,Arbitrum,Optimism,Optimism,Arbitrum,Arbitrum,Optimism,Optimism,Arbitrum,Arbitrum,Optimism,Optimism,Arbitrum,Arbitrum,Optimism,Optimism,Arbitrum"
0x00000000863b56a3c1f0f1be8bc4f8b7bd78f57a,"Arbitrum,BNB Chain,BNB Chain,Arbitrum,Arbitrum,BNB Chain,Arbitrum,Optimism,Optimism,Base,Optimism,Base,Optimism,Base,Base,Moonbeam"
0x00000000b9d65fbedfe87673e8518452ae74a13b,"Arbitrum,zkSync Era Mainnet"
0x00000000be193a3bfaf4c6627ba14b1f2dbdddad,"Ethereum,Arbitrum,Ethereum,Arbitrum,Ethereum,Base,Base,Ethereum,Ethereum,Arbitrum,Base,Ethereum,Base,Ethereum,Ethereum,Arbitrum,Arbitrum,Ethereum,Arbitrum,Ethereum"
0x00000000c72766932f8426b57629b5a8f39aeb0e,"Arbitrum,Polygon"
0x00000000c9d9c37424bf22ce51ca099fd720a585,"BNB Chain,Arbitrum,Fantom,Polygon,Gnosis,Fuse Mainnet,Fantom,Polygon,Klaytn Mainnet Cypress,Fuse Mainnet,Arbitrum,Zora,BNB Chain,Conflux eSpace,BNB Chain,PGN (Public Goods Network),Fantom,,BNB Chain,Mode"
0x00000000cc0b822819f03424dacf9077fdaa58a3,"Ethereum,Arbitrum,Ethereum,Arbitrum,Optimism,Arbitrum,Optimism,Arbitrum"
0x00000000cf40aa13fa8223f034926a376366bf34,"Polygon,Arbitrum,Arbitrum,Optimism,Optimism,Arbitrum,Arbitrum,Optimism,Optimism,Arbitrum,Arbitrum,Polygon,Polygon,BNB Chain,Polygon,Arbitrum,Arbitrum,Optimism,Optimism,Polygon,Optimism,Arbitrum,Optimism,Polygon,Polygon,Fantom,Arbitrum,Polygon,Polygon,Arbitrum,Fantom,Polygon,Polygon,Fantom,Arbitrum,Polygon,Fantom,Polygon,Polygon,Fantom,Polygon,Fantom,Fantom,Polygon,Fantom,Polygon,Polygon,Fantom,Polygon,Fantom,Fantom,Polygon,Polygon,Fantom,Fantom,Polygon,Fantom,Polygon,Polygon,Fantom,Polygon,Fantom,Fantom,Polygon,Polygon,Arbitrum,Fantom,Polygon,Polygon,Fantom,Fantom,Polygon,Polygon,Fantom,Fantom,Polygon,Polygon,Fantom,Fantom,Polygon,Polygon,Fantom,Fantom,Polygon,Polygon,Fantom,Fantom,Polygon,Polygon,Fantom,Fantom,Polygon,Polygon,Fantom,Fantom,Polygon,Polygon,Fantom,Fantom,Polygon,Polygon,Fantom,Polygon,Arbitrum,Arbitrum,Gnosis,Gnosis,Celo Mainnet,Celo Mainnet,Gnosis,Gnosis,Celo Mainnet,Celo Mainnet,Gnosis,Gnosis,Celo Mainnet,Celo Mainnet,Gnosis,Gnosis,Celo Mainnet,Celo Mainnet,Gnosis,Gnosis,Celo Mainnet,Celo Mainnet,Gnosis,Gnosis,Celo Mainnet,Celo Mainnet,Gnosis,Gnosis,Celo Mainnet,Celo Mainnet,Gnosis,Gnosis,Celo Mainnet,Celo Mainnet,Gnosis,Gnosis,Celo Mainnet,Celo Mainnet,Gnosis,Gnosis,Celo Mainnet,Celo Mainnet,Gnosis,Gnosis,Celo Mainnet,Celo Mainnet,Gnosis,Gnosis,Celo Mainnet,Celo Mainnet,Gnosis,Gnosis,Celo Mainnet,Celo Mainnet,Gnosis,Gnosis,Celo Mainnet,Celo Mainnet,Gnosis,Gnosis,Celo Mainnet,Celo Mainnet,Gnosis,Gnosis,Celo Mainnet,Celo Mainnet,Gnosis,Gnosis,Celo Mainnet,Celo Mainnet,Gnosis,Gnosis,Celo Mainnet,Celo Mainnet,Gnosis,Gnosis,Celo Mainnet,Celo Mainnet,Gnosis,zkSync Era Mainnet,Arbitrum Nova,zkSync Era Mainnet,Polygon zkEVM,Gnosis,Celo Mainnet,Celo Mainnet,Gnosis,Gnosis,Celo Mainnet,Celo Mainnet,Gnosis,Gnosis,Celo Mainnet,Celo Mainnet,Gnosis,Gnosis,Celo Mainnet,Celo Mainnet,Gnosis,Gnosis,Celo Mainnet,Celo Mainnet,Gnosis,Gnosis,Celo Mainnet,Celo Mainnet,Gnosis,zkSync Era Mainnet,Arbitrum,Gnosis,Celo Mainnet,Celo Mainnet,Gnosis,Gnosis,Celo Mainnet,Celo Mainnet,Gnosis,Gnosis,Celo Mainnet,Celo Mainnet,Gnosis,Gnosis,Celo Mainnet,Celo Mainnet,Gnosis,Gnosis,Celo Mainnet,Celo Mainnet,Gnosis,Gnosis,Celo Mainnet,Celo Mainnet,Gnosis,Gnosis,Celo Mainnet,Celo Mainnet,Gnosis,Gnosis,Celo Mainnet,Celo Mainnet,Gnosis,Gnosis,Celo Mainnet,Celo Mainnet,Gnosis,Gnosis,Celo Mainnet,Celo Mainnet,Gnosis,Gnosis,Celo Mainnet,Celo Mainnet,Gnosis,Gnosis,Celo Mainnet,Celo Mainnet,Gnosis,Gnosis,Celo Mainnet,Celo Mainnet,Gnosis,Gnosis,Celo Mainnet,Celo Mainnet,Gnosis,Gnosis,Celo Mainnet,Celo Mainnet,Gnosis,Gnosis,Celo Mainnet,Celo Mainnet,Gnosis,Gnosis,Celo Mainnet,Celo Mainnet,Gnosis,Gnosis,Celo Mainnet,Celo Mainnet,Gnosis,Gnosis,Celo Mainnet,Celo Mainnet,Gnosis,Gnosis,Celo Mainnet,Celo Mainnet,Gnosis,Gnosis,Celo Mainnet,Celo Mainnet,Gnosis,Gnosis,Celo Mainnet,Celo Mainnet,Gnosis,Gnosis,Celo Mainnet,Celo Mainnet,Gnosis,Gnosis,Celo Mainnet,Celo Mainnet,Gnosis,Gnosis,Celo Mainnet,Celo Mainnet,Gnosis,Gnosis,Celo Mainnet,Celo Mainnet,Gnosis,Gnosis,Celo Mainnet,Celo Mainnet,Gnosis,Gnosis,Celo Mainnet,Celo Mainnet,Gnosis,Gnosis,Celo Mainnet,Celo Mainnet,Gnosis,Gnosis,Celo Mainnet,Celo Mainnet,Gnosis,Gnosis,Celo Mainnet,Celo Mainnet,Gnosis,Gnosis,Celo Mainnet,Celo Mainnet,Gnosis,Gnosis,Celo Mainnet,Celo Mainnet,Gnosis,Gnosis,Celo Mainnet,Celo Mainnet,Gnosis,Gnosis,Celo Mainnet,Celo Mainnet,Gnosis,Gnosis,Celo Mainnet,Celo Mainnet,Gnosis,Gnosis,Celo Mainnet,Celo Mainnet,Gnosis,Gnosis,Celo Mainnet,Celo Mainnet,Gnosis,Gnosis,Celo Mainnet,Celo Mainnet,Gnosis,Gnosis,Celo Mainnet,Celo Mainnet,Gnosis,Gnosis,Celo Mainnet,Celo Mainnet,Gnosis,Gnosis,Celo Mainnet,Celo Mainnet,Gnosis,Gnosis,Celo Mainnet,Celo Mainnet,Gnosis,Gnosis,Celo Mainnet,Celo Mainnet,Gnosis,Gnosis,Celo Mainnet,Celo Mainnet,Gnosis,Gnosis,Celo Mainnet,Celo Mainnet,Gnosis,Gnosis,Celo Mainnet,Celo Mainnet,Gnosis,Gnosis,Celo Mainnet,Celo Mainnet,Gnosis,Gnosis,Celo Mainnet,Celo Mainnet,Gnosis,Gnosis,Celo Mainnet,Celo Mainnet,Gnosis,Gnosis,Celo Mainnet,Celo Mainnet,Gnosis,Gnosis,Celo Mainnet,Celo Mainnet,Gnosis,Gnosis,Celo Mainnet,Celo Mainnet,Gnosis,Gnosis,Celo Mainnet,Celo Mainnet,Gnosis,Gnosis,Celo Mainnet,Celo Mainnet,Gnosis,Gnosis,Celo Mainnet,Celo Mainnet,Gnosis,Gnosis,Celo Mainnet,Celo Mainnet,Gnosis,Gnosis,Celo Mainnet,Celo Mainnet,Gnosis,Gnosis,Celo Mainnet,Celo Mainnet,Gnosis,Gnosis,Celo Mainnet,Celo Mainnet,Gnosis,Gnosis,Celo Mainnet,Celo Mainnet,Gnosis,Gnosis,Celo Mainnet,Celo Mainnet,Gnosis,Gnosis,Celo Mainnet,Celo Mainnet,Gnosis,Gnosis,Celo Mainnet,Celo Mainnet,Gnosis,Gnosis,Celo Mainnet,Celo Mainnet,Gnosis,Gnosis,Celo Mainnet,Celo Mainnet,Gnosis,Gnosis,Celo Mainnet,Celo Mainnet,Gnosis,Gnosis,Celo Mainnet,Celo Mainnet,Gnosis,Gnosis,Celo Mainnet,Celo Mainnet,Gnosis,Gnosis,Celo Mainnet,Celo Mainnet,Gnosis,Gnosis,Celo Mainnet,Celo Mainnet,Gnosis,Gnosis,Celo Mainnet,Celo Mainnet,Gnosis,Gnosis,Celo Mainnet,Celo Mainnet,Gnosis,Gnosis,Celo Mainnet,Celo Mainnet,Gnosis,Gnosis,Celo Mainnet,Celo Mainnet,Gnosis,Gnosis,Celo Mainnet,Celo Mainnet,Gnosis,Gnosis,Celo Mainnet,Celo Mainnet,Gnosis,Gnosis,Celo Mainnet,Celo Mainnet,Gnosis,Gnosis,Celo Mainnet,Celo Mainnet,Gnosis,Gnosis,Celo Mainnet,Celo Mainnet,Gnosis,Gnosis,Celo Mainnet,Celo Mainnet,Gnosis,Gnosis,Celo Mainnet,Celo Mainnet,Gnosis,Gnosis,Celo Mainnet,Celo Mainnet,Gnosis,Gnosis,Celo Mainnet,Celo Mainnet,Gnosis,Gnosis,Celo Mainnet,Celo Mainnet,Gnosis,Gnosis,Celo Mainnet,Celo Mainnet,Gnosis,Gnosis,Celo Mainnet,Celo Mainnet,Gnosis,Gnosis,Celo Mainnet,Celo Mainnet,Gnosis,Gnosis,Celo Mainnet,Celo Mainnet,Gnosis,Gnosis,Celo Mainnet,Celo Mainnet,Gnosis,Gnosis,Celo Mainnet,Celo Mainnet,Gnosis,Gnosis,Celo Mainnet,Celo Mainnet,Gnosis,Gnosis,Celo Mainnet,Celo Mainnet,Gnosis,Gnosis,Celo Mainnet,Celo Mainnet,Gnosis,Gnosis,Celo Mainnet,Celo Mainnet,Gnosis,Gnosis,Celo Mainnet,Celo Mainnet,Gnosis,Gnosis,Celo Mainnet,Celo Mainnet,Gnosis,Gnosis,Celo Mainnet,Celo Mainnet,Gnosis,Gnosis,Celo Mainnet,Celo Mainnet,Gnosis,Gnosis,Celo Mainnet,Celo Mainnet,Gnosis,Gnosis,Celo Mainnet,Celo Mainnet,Gnosis,Gnosis,Celo Mainnet,Celo Mainnet,Gnosis,Gnosis,Celo Mainnet,Celo Mainnet,Gnosis,Gnosis,Celo Mainnet,Celo Mainnet,Gnosis,Gnosis,Celo Mainnet,Celo Mainnet,Gnosis,Gnosis,Celo Mainnet,Celo Mainnet,Gnosis,Gnosis,Celo Mainnet,Celo Mainnet,Gnosis,Gnosis,Celo Mainnet,Celo Mainnet,Gnosis,Gnosis,Celo Mainnet,Celo Mainnet,Gnosis,Gnosis,Celo Mainnet,Celo Mainnet,Gnosis,Gnosis,Celo Mainnet,Celo Mainnet,Gnosis,Gnosis,Celo Mainnet,Celo Mainnet,Gnosis,Gnosis,Celo Mainnet,Celo Mainnet,Gnosis,Gnosis,Celo Mainnet,Celo Mainnet,Gnosis,Gnosis,Celo Mainnet,Celo Mainnet,Gnosis,Gnosis,Celo Mainnet,Celo Mainnet,Gnosis,Gnosis,Celo Mainnet,Celo Mainnet,Gnosis,Gnosis,Celo Mainnet,Celo Mainnet,Gnosis,Gnosis,Celo Mainnet,Celo Mainnet,Gnosis,Gnosis,Celo Mainnet,Celo Mainnet,Gnosis,Gnosis,Celo Mainnet,Celo Mainnet,Gnosis,Core Blockchain Mainnet,BNB Chain,Core Blockchain Mainnet,Polygon,Celo Mainnet,Polygon,Celo Mainnet,BNB Chain,Polygon,BNB Chain,Polygon,Mantle,Polygon,Core Blockchain Mainnet,Polygon,Celo Mainnet,BNB Chain,Polygon,BNB Chain,Mantle,BNB Chain,Core Blockchain Mainnet,BNB Chain,Celo Mainnet,Polygon,Mantle,Polygon,Base,Polygon,Core Blockchain Mainnet,Gnosis,Arbitrum,Arbitrum,Linea,Fantom,Polygon"
0x00000000e8334445e02d819eafd75addf2133a5f,"BNB Chain,Optimism,Optimism,BNB Chain,Arbitrum,BNB Chain,BNB Chain,Arbitrum,BNB Chain,Polygon,BNB Chain,Arbitrum,Optimism,Polygon,Polygon,Optimism,Ethereum,Optimism,Ethereum,Optimism,Optimism,Base,Optimism,Base,Optimism,Base,Base,Arbitrum Nova,Base,Gnosis,Base,Moonbeam,zkSync Era Mainnet,Base,zkSync Era Mainnet,Base,Base,zkSync Era Mainnet,Optimism,Linea,zkSync Era Mainnet,Base,zkSync Era Mainnet,Base"
0x00000000e8c9360a402ea4b02efd312d3d196e3f,"zkSync Era Mainnet,Polygon zkEVM,Arbitrum Nova,Arbitrum,Polygon,Moonbeam,Polygon,BNB Chain,Polygon,Polygon"
0x00000000edcfada043c67fe34d51cd0dd69e4948,"BNB Chain,Polygon,Arbitrum,Base,Polygon,Optimism,Polygon,Arbitrum,Arbitrum,Optimism,Optimism,Base,Base,Linea,Linea,Ethereum,Base,Arbitrum,Optimism,Arbitrum,Optimism,Arbitrum,Arbitrum,Base,zkSync Era Mainnet,BNB Chain,BNB Chain,Base,Base,zkSync Era Mainnet,Base,Arbitrum,Arbitrum,Kava,zkSync Era Mainnet,Arbitrum,Kava,Optimism,Optimism,Fantom,Fantom,Optimism,Fantom,Optimism,Optimism,Avalanche,Avalanche,Celo Mainnet,Celo Mainnet,Gnosis,Gnosis,Polygon zkEVM,Polygon zkEVM,Optimism,Avalanche,,Polygon,"
0x000000010e82bbf8904ceb7e698d438dfba0235d,"Optimism,Arbitrum,Optimism,Arbitrum,Optimism,Base"
0x000000011cf1f695e54185998bbdf75f7ea8963b,"Arbitrum,Optimism,Optimism,Arbitrum,Arbitrum,Optimism,Arbitrum,Optimism,Optimism,Arbitrum,Arbitrum,Optimism,Optimism,Arbitrum,Arbitrum,Optimism,Optimism,Arbitrum,Arbitrum,Optimism,Optimism,Arbitrum,Arbitrum,Optimism,Optimism,Arbitrum"
0x0000000188e3604489698ea73de28524f2bea6c6,"Polygon,BNB Chain,Arbitrum,Polygon,Polygon,Arbitrum,Arbitrum,BNB Chain,BNB Chain,Base,Optimism,Arbitrum,Optimism,,Polygon,Arbitrum,Arbitrum,Optimism,Optimism,Arbitrum,Arbitrum,Polygon,Arbitrum,BNB Chain,BNB Chain,Polygon,Polygon,,BNB Chain,Avalanche,Avalanche,BNB Chain,BNB Chain,Avalanche,Avalanche,,BNB Chain,Polygon,Polygon,BNB Chain,BNB Chain,Polygon,Polygon,BNB Chain,BNB Chain,Arbitrum,Arbitrum,Polygon,Polygon,Optimism,Optimism,Base,Base,Optimism,Arbitrum,Optimism,Avalanche,BNB Chain,BNB Chain,Arbitrum,Linea,Base,Base,Arbitrum,Base,Arbitrum,Optimism,Linea,Arbitrum,Mantle,Arbitrum,Mantle,Arbitrum,Mantle,Arbitrum,Mantle,Mantle,Arbitrum,Mantle,Arbitrum,Avalanche,Optimism,Polygon,Avalanche"
0x000000019206dcdf090fbfdea184777aec6000f9,"Ethereum,Goerli"
0x00000001985c6a08963eef53821c78aa84318b42,"Arbitrum,Optimism,Arbitrum,Ethereum,Polygon,Avalanche,Arbitrum,Fantom,Arbitrum,Polygon,Polygon,Fantom,Fantom,BNB Chain,BNB Chain,Avalanche,Avalanche,Arbitrum,BNB Chain,Polygon,Polygon,Avalanche,Core Blockchain Mainnet,Polygon,Polygon,Core Blockchain Mainnet,BNB Chain,Core Blockchain Mainnet,Celo Mainnet,Polygon,Optimism,Base,BNB Chain,Mantle,Polygon,Celo Mainnet,Polygon,Celo Mainnet,Core Blockchain Mainnet,BNB Chain,Arbitrum,Linea,Arbitrum,Linea,Optimism,Base,BNB Chain,Core Blockchain Mainnet,BNB Chain,Polygon,Core Blockchain Mainnet,Polygon,Arbitrum,Base,Optimism,Linea"
0x00000001a0f57e850c9db68b4a9bc34677437c5c,"Ethereum,Arbitrum,Arbitrum,Optimism,Optimism,Linea,Linea,Arbitrum,Arbitrum,,Arbitrum,Optimism"
0x00000001b01122945d67cf7c972f1a2063ca4008,"Arbitrum,Optimism,Arbitrum,Optimism,Arbitrum,Polygon,Polygon,Avalanche,Polygon,Fantom,Arbitrum,Fantom,Fantom,Optimism,Optimism,Arbitrum,Arbitrum,Avalanche,Avalanche,Polygon,Polygon,BNB Chain,Avalanche,Polygon,Polygon,Avalanche,BNB Chain,Core Blockchain Mainnet,Polygon,Core Blockchain Mainnet,Core Blockchain Mainnet,Polygon,Celo Mainnet,Polygon,Optimism,Base,BNB Chain,Mantle,Celo Mainnet,Polygon,Polygon,Core Blockchain Mainnet,Polygon,Celo Mainnet,Polygon,Arbitrum,Arbitrum,Linea,Polygon,Arbitrum,Optimism,Linea,Avalanche,Polygon,Optimism,Base,BNB Chain,Base,Arbitrum,Base,Arbitrum,Linea,Arbitrum,Orderly Mainnet"
0x00000001c86cd5b7cdf9a3effc44282a9df98ad0,"Arbitrum,Polygon,BNB Chain,Core Blockchain Mainnet,zkSync Era Mainnet,Arbitrum Nova,zkSync Era Mainnet,Meter Mainnet,Ethereum,Manta,zkSync Era Mainnet,Arbitrum Nova,BNB Chain,,BNB Chain,,BNB Chain,,BNB Chain,,BNB Chain,,BNB Chain,,BNB Chain,,BNB Chain,,BNB Chain,,BNB Chain,,BNB Chain,,BNB Chain,Core Blockchain Mainnet"
0x00000001fd5f90b69bc5d650985ea1bfe5fea7ac,"Arbitrum,BNB Chain,Arbitrum,BNB Chain,Arbitrum,BNB Chain,Arbitrum,BNB Chain,Arbitrum,BNB Chain,Arbitrum,BNB Chain,Arbitrum,BNB Chain,Arbitrum,BNB Chain,Arbitrum,BNB Chain,Arbitrum,BNB Chain,Arbitrum,BNB Chain,Arbitrum,BNB Chain,BNB Chain,Arbitrum,Arbitrum,BNB Chain,Arbitrum,BNB Chain,Arbitrum,BNB Chain,BNB Chain,Arbitrum,Base,Optimism"
0x000000022fe6604ee890eeae92af9fcb320d5d89,"Base,Optimism,Base,Arbitrum"
0x0000000251b41c5e39b5f54af878950438186808,"Polygon,Avalanche,Polygon,Moonbeam"
0x00000002b7d3b2da5ce175347e2a7d265d740926,"Arbitrum,Optimism,Base,Polygon,Polygon,Polygon,Arbitrum,Fuse Mainnet"
0x00000002d88f9b3f4eb303564817fff4adcde46f,"Base,Linea,Base,Linea,Arbitrum,Linea,zkSync Era Mainnet,Linea,Linea,Ethereum,zkSync Era Mainnet,Scroll,Scroll,Mantle,Scroll,Kava,Base,Ethereum,Linea,Base,Linea,Base,Linea,Mantle,Linea,Scroll,Linea,Base,Linea,Zora,Base,Linea,Scroll,Linea,Scroll,Mantle,Arbitrum,BNB Chain,Arbitrum,opBNB Mainnet,Arbitrum,Klaytn Mainnet Cypress,Arbitrum,Avalanche,Arbitrum,Gnosis,Arbitrum,Fantom,Arbitrum,Celo Mainnet,Arbitrum,Moonbeam,Arbitrum,Aurora Mainnet,Arbitrum,Astar,Arbitrum,Metis,Base,Polygon zkEVM,Base,Scroll,Linea,Gnosis,Arbitrum,Scroll,Base,Linea,Arbitrum,Linea,Optimism,Ethereum,Linea,Zora,Arbitrum Nova,Metis,Arbitrum Nova,Optimism,zkSync Era Mainnet,Avalanche,Polygon,Gnosis,Optimism,Avalanche,Zora,Mantle,Arbitrum Nova,Moonbeam,Avalanche,Polygon,Polygon,Base,Polygon,Mantle,Polygon,Linea,Base,opBNB Mainnet,Optimism,opBNB Mainnet,Avalanche,,Avalanche,Injective,Avalanche,Merit Circle,Avalanche,PGN (Public Goods Network),Avalanche,,Avalanche,Manta,Avalanche,XPLA Mainnet,Avalanche,Horizen EON Mainnet,Avalanche,Orderly Mainnet,Avalanche,Conflux eSpace,Avalanche,Viction,Avalanche,,Avalanche,Arbitrum,Avalanche,Moonriver,Avalanche,Arbitrum Nova,Avalanche,Fuse Mainnet,Avalanche,Tenet,Avalanche,TelosEVM,Avalanche,opBNB Mainnet,Avalanche,Meter Mainnet,Mantle,Fantom,Optimism,Metis,Fantom,,Arbitrum Nova,BNB Chain,BNB Chain,Celo Mainnet,Polygon,Gnosis,Base,Gnosis,Optimism,Gnosis,Arbitrum Nova,Arbitrum,Arbitrum,Optimism,Arbitrum,Mantle,Optimism,Manta,Mantle,Fantom,BNB Chain,Polygon zkEVM,Polygon zkEVM,Avalanche,Celo Mainnet,BNB Chain,Celo Mainnet,Fantom,Arbitrum Nova,Polygon,Arbitrum,Arbitrum Nova,Arbitrum,BNB Chain,BNB Chain,DFK,Scroll,Moonbeam,Polygon,Linea,BNB Chain,Zora,BNB Chain,Core Blockchain Mainnet,BNB Chain,Canto,BNB Chain,zkSync Era Mainnet,zkSync Era Mainnet,Polygon,Polygon,Core Blockchain Mainnet,Arbitrum,Linea,Base,Zora,Polygon,Metis,BNB Chain,DFK,DFK,Harmony,Polygon,Core Blockchain Mainnet,Arbitrum,Orderly Mainnet,Polygon,Core Blockchain Mainnet,BNB Chain,Core Blockchain Mainnet,Arbitrum,Core Blockchain Mainnet,Arbitrum,Core Blockchain Mainnet,Arbitrum,Core Blockchain Mainnet,Core Blockchain Mainnet,Polygon,Linea,Polygon zkEVM,Polygon,Arbitrum Nova,Polygon,Celo Mainnet,Scroll,Kava,Base,Avalanche,Base,Avalanche,zkSync Era Mainnet,Kava,zkSync Era Mainnet,Base,zkSync Era Mainnet,TelosEVM,Arbitrum,Gnosis,Arbitrum,Harmony,Arbitrum,Goerli,Arbitrum,DFK,Arbitrum,Horizen EON Mainnet,Arbitrum,XPLA Mainnet,Arbitrum,,Arbitrum,,Arbitrum,,Scroll,Mantle,Base,BNB Chain,Mantle,Optimism,Avalanche,OKXChain Mainnet,opBNB Mainnet,Optimism,Base,Moonbeam,Optimism,opBNB Mainnet,Optimism,Moonbeam,Moonbeam,Kava,Avalanche,Kava,Kava,Blast,Arbitrum,Blast,Blast,Tenet,Celo Mainnet,Fantom,Arbitrum,Linea,Base,Linea,Avalanche,,Arbitrum,Linea,Avalanche,,Arbitrum,Avalanche,BNB Chain,Arbitrum,Optimism,,Base,Linea,Arbitrum,Canto,Base,Optimism,Mode,,,Astar zkEVM,Arbitrum,,,Mode,Arbitrum,Klaytn Mainnet Cypress,Arbitrum,Canto,Arbitrum,Fuse Mainnet,Arbitrum,Gnosis,Arbitrum,Aurora Mainnet,Arbitrum,,Arbitrum,Moonriver,Arbitrum,,Arbitrum,Viction,Arbitrum,Metis,BNB Chain,Horizen EON Mainnet,Aurora Mainnet,BNB Chain,Gnosis,Metis,Metis,Moonriver,Polygon,zkSync Era Mainnet,Linea,Arbitrum,Arbitrum,Manta,Scroll,Klaytn Mainnet Cypress,Scroll,Kava,zkSync Era Mainnet,Linea,Zora,Arbitrum,Arbitrum,BNB Chain,Avalanche,Dexalot Subnet,Linea,BNB Chain,Arbitrum,Optimism,Arbitrum,Optimism,Polygon,Moonriver,Arbitrum,Moonriver,Moonriver,Kava,BNB Chain,Polygon,Avalanche,,Optimism,,Astar zkEVM,Astar,Polygon,,Polygon,Conflux eSpace,Polygon,Astar,Polygon,Viction,Mantle,Klaytn Mainnet Cypress,Arbitrum,Canto,Polygon zkEVM,Klaytn Mainnet Cypress,Optimism,Klaytn Mainnet Cypress,Optimism,Klaytn Mainnet Cypress,Optimism,Klaytn Mainnet Cypress,Optimism,Klaytn Mainnet Cypress,Optimism,Klaytn Mainnet Cypress,Optimism,Klaytn Mainnet Cypress,Klaytn Mainnet Cypress,Canto,Canto,Conflux eSpace,Polygon,Polygon,zkSync Era Mainnet,Base,Conflux eSpace,Arbitrum,Arbitrum,Base,Arbitrum,Base,Arbitrum,Fuse Mainnet,Fuse Mainnet,Polygon"
0x00000002f32c0886ee65d68059fbdb76ef6a6996,"Optimism,,BNB Chain,Arbitrum,BNB Chain,Arbitrum,Polygon,,Polygon,,Arbitrum,BNB Chain,Avalanche,Arbitrum,Arbitrum,Ethereum,zkSync Era Mainnet,Polygon,Optimism,Arbitrum,BNB Chain,Optimism,Avalanche,Arbitrum,Arbitrum,BNB Chain,Avalanche,Polygon,Arbitrum,Optimism,BNB Chain,Core Blockchain Mainnet,BNB Chain,Polygon,Arbitrum,Ethereum,Polygon,Avalanche,BNB Chain,Polygon,BNB Chain,Polygon,Polygon,BNB Chain,zkSync Era Mainnet,Optimism,BNB Chain,Arbitrum Nova,Avalanche,Celo Mainnet,Polygon,Core Blockchain Mainnet,Optimism,Gnosis,Optimism,Gnosis,BNB Chain,Polygon,Optimism,Polygon,Polygon,Avalanche,Linea,Base,Optimism,Arbitrum Nova,Optimism,Gnosis,Optimism,Moonbeam,Optimism,Gnosis,Optimism,Moonbeam,Optimism,Metis,Optimism,Polygon,Optimism,Arbitrum,Optimism,Arbitrum Nova,Linea,Polygon zkEVM,Core Blockchain Mainnet,Polygon,BNB Chain,Arbitrum,BNB Chain,Mantle,Polygon,Mantle,Optimism,BNB Chain,BNB Chain,Polygon,Polygon,BNB Chain,Polygon,Mantle,Polygon,Optimism,BNB Chain,Polygon,Linea,Base,Linea,Base,Linea,Mantle,Linea,Arbitrum,Linea,Fantom,Linea,Moonriver,Linea,Avalanche,Linea,Polygon zkEVM,Linea,BNB Chain,Linea,Polygon,Linea,Kava,Linea,Base,Linea,Optimism,Linea,Metis,Polygon,BNB Chain,Polygon,BNB Chain,Polygon,Core Blockchain Mainnet,Polygon,Avalanche,Polygon,Avalanche,Polygon,Avalanche,Polygon,Avalanche,Arbitrum,Linea,BNB Chain,Polygon,Optimism,Arbitrum,Polygon,Avalanche,Polygon zkEVM,Base,Optimism,Linea,Arbitrum,Optimism,Polygon,Avalanche,Polygon,BNB Chain,Polygon,Avalanche,Polygon,BNB Chain,BNB Chain,Avalanche,BNB Chain,Avalanche"
0x00000003389ff563957d53b23a72bdcddb6f388a,"Optimism,Arbitrum,Optimism,Meter Mainnet,Optimism,Tenet,Optimism,Arbitrum,Arbitrum,Celo Mainnet,Arbitrum,Optimism,Polygon,Celo Mainnet,Polygon,Canto,Optimism,Arbitrum,Arbitrum,Optimism,Arbitrum,BNB Chain,Arbitrum,Gnosis,Arbitrum,Polygon,Arbitrum,Polygon zkEVM,Arbitrum,Celo Mainnet,Arbitrum,Avalanche,Arbitrum,Optimism,BNB Chain,Core Blockchain Mainnet,Optimism,Arbitrum,Optimism,Arbitrum,Optimism,Arbitrum,Arbitrum,Optimism,Arbitrum,BNB Chain,Arbitrum,Gnosis,Arbitrum,Polygon,Arbitrum,Polygon zkEVM,Arbitrum,Celo Mainnet,Arbitrum,Avalanche,Optimism,Arbitrum,Arbitrum,Optimism,Arbitrum,Optimism,Optimism,,Avalanche,BNB Chain,Avalanche,,Optimism,Avalanche,Avalanche,Kava,Avalanche,Fantom,Avalanche,Moonriver,BNB Chain,Polygon zkEVM,BNB Chain,Core Blockchain Mainnet,Optimism,Ethereum,Base,Arbitrum"
0x000000037e72dcd1d7c36120d012b1aa2ce46baf,"Optimism,Polygon,Polygon,Optimism"
0x00000003cbf9b8675eaf9241ba55e0f789e08d66,"Arbitrum,Optimism,Optimism,Arbitrum,Arbitrum,Optimism,Arbitrum,Optimism,Arbitrum,Avalanche,Arbitrum,Polygon zkEVM,Polygon zkEVM,Arbitrum,Avalanche,Arbitrum,Optimism,Arbitrum,Optimism,Arbitrum,Avalanche,Polygon zkEVM,Avalanche,Arbitrum,Avalanche,Arbitrum,Optimism,Avalanche,Arbitrum,Optimism,Arbitrum,Avalanche,Arbitrum,Polygon zkEVM,Polygon zkEVM,Arbitrum,zkSync Era Mainnet,Polygon zkEVM,Polygon zkEVM,zkSync Era Mainnet,Avalanche,Arbitrum,Avalanche,zkSync Era Mainnet,zkSync Era Mainnet,Optimism,Optimism,zkSync Era Mainnet,zkSync Era Mainnet,Avalanche,Base,Arbitrum"
0x000000045232fe75a3c7db3e5b03b0ab6166f425,"Ethereum,Avalanche,Ethereum,Avalanche"
0x0000000452bbfc5541279949e5e9400821a0c92d,"Arbitrum,Optimism,Arbitrum,Optimism,Arbitrum,Polygon,Polygon,Avalanche,Arbitrum,Polygon,Polygon,Avalanche,Avalanche,Fantom,Fantom,BNB Chain,BNB Chain,Arbitrum,BNB Chain,Polygon,Polygon,Avalanche,BNB Chain,Core Blockchain Mainnet,Polygon,Core Blockchain Mainnet,Core Blockchain Mainnet,Polygon,Celo Mainnet,Polygon,Arbitrum,Base,BNB Chain,Mantle,Polygon,Celo Mainnet,Core Blockchain Mainnet,BNB Chain,Arbitrum,Linea,Arbitrum,Linea,Optimism,Base,Avalanche,Base,zkSync Era Mainnet,Base,Arbitrum,Base,Arbitrum,Linea"
0x0000000484f2217f1a64eb6d24b5cee446faeae5,"Ethereum,Goerli,Ethereum,Goerli,Ethereum,Goerli,Ethereum,Goerli,Ethereum,Goerli,Ethereum,Goerli,Ethereum,Goerli,Ethereum,Goerli"
0x00000004b8761127f5fcf051f1dd38f20fb9fc4d,"Ethereum,Optimism,Optimism,Arbitrum,Arbitrum,Optimism,Arbitrum,Optimism"
0x000000062d9943ca5db42bd5e9f2edc6b5b14cc5,"BNB Chain,Arbitrum,Arbitrum,Avalanche,Arbitrum,Avalanche,Avalanche,Arbitrum,Arbitrum,BNB Chain,BNB Chain,,BNB Chain,Arbitrum,Polygon,Avalanche,Ethereum,Optimism,Optimism,Polygon,Polygon,Fantom,Avalanche,Arbitrum,Arbitrum,BNB Chain,Polygon,Fantom,Polygon,Avalanche,Arbitrum,Polygon,Avalanche,,Avalanche,Fantom,Polygon,Fantom,Fantom,Arbitrum,Arbitrum,Avalanche,Avalanche,,Avalanche,,Avalanche,Fantom,Fantom,Polygon,Polygon,Avalanche,Polygon,Avalanche,Avalanche,BNB Chain,BNB Chain,Metis,BNB Chain,Harmony,Arbitrum,Optimism,Metis,Avalanche,Harmony,BNB Chain,Polygon,Avalanche,Avalanche,BNB Chain,BNB Chain,Metis,Metis,Avalanche,Core Blockchain Mainnet,Polygon,BNB Chain,Arbitrum Nova,BNB Chain,Core Blockchain Mainnet,Polygon,Core Blockchain Mainnet,Core Blockchain Mainnet,Polygon,BNB Chain,Celo Mainnet,Avalanche,Polygon,Polygon,Mantle,Optimism,Polygon,Polygon,Avalanche,zkSync Era Mainnet,Kava,zkSync Era Mainnet,Klaytn Mainnet Cypress,zkSync Era Mainnet,Klaytn Mainnet Cypress,zkSync Era Mainnet,Klaytn Mainnet Cypress,zkSync Era Mainnet,Kava,zkSync Era Mainnet,Klaytn Mainnet Cypress,zkSync Era Mainnet,Astar,Avalanche,Canto,Arbitrum,Base,Base,Canto,Scroll,Polygon,Fantom,Optimism"
0x000000062e42f23c963a0c5fd78424e83964bb25,"Arbitrum,Ethereum,Ethereum,Arbitrum,Arbitrum,Optimism,Arbitrum,Optimism,Arbitrum,Optimism,Ethereum,Arbitrum,Optimism,Arbitrum,Optimism,Arbitrum"
0x000000064730640b7d670408d74280924883064f,"Optimism,Arbitrum,Arbitrum,Optimism,Optimism,Ethereum,Optimism,Ethereum,Optimism,Polygon"
0x000000071315588b34fc29d63b7494b614e6fa85,"Base,Optimism"
0x000000072ed5718cf91290bcaa1143bc97d1d7ff,"Polygon,BNB Chain,Ethereum,Manta,Arbitrum,Polygon,Polygon,Arbitrum,Base,Avalanche,Base,Polygon,Polygon,Base"
0x00000007b3f4fe09fdf4097082d5135293bf2f1d,"zkSync Era Mainnet,Arbitrum Nova,zkSync Era Mainnet,Polygon,zkSync Era Mainnet,Meter Mainnet,Avalanche,Kava,Avalanche,Linea,Avalanche,Mantle,Avalanche,Moonbeam,Avalanche,Harmony,Avalanche,Moonriver,Base,Polygon,Base,BNB Chain,Polygon,BNB Chain,BNB Chain,Polygon,Polygon,Core Blockchain Mainnet,Arbitrum,Celo Mainnet"
0x00000007c1028c21253d99c276d27665b1e0ed00,"Optimism,Base,zkSync Era Mainnet,Base,zkSync Era Mainnet,Base"
0x0000000813b34008a225de08a6a61835508c71f9,"Polygon,Optimism,Optimism,Fantom,Optimism,Arbitrum,Arbitrum,Polygon,Arbitrum,Optimism,Optimism,Arbitrum,Fantom,BNB Chain,Optimism,Polygon,Arbitrum,BNB Chain,BNB Chain,Polygon,Polygon,Optimism,Polygon,Avalanche,Optimism,Linea,Avalanche,Fantom,Fantom,Polygon,Polygon,Arbitrum,Arbitrum,Base,Arbitrum,Base,Base,Optimism,Optimism,Orderly Mainnet,Optimism,Fantom"
0x000000085d9a759bb5c3d459d638739c0f48deb0,"Arbitrum,Optimism,Optimism,Arbitrum,Arbitrum,Optimism,Arbitrum,Polygon,Arbitrum,Fantom,Arbitrum,Fantom,Arbitrum,Fantom,Fantom,Arbitrum,Fantom,Arbitrum,Fantom,Polygon,Fantom,Polygon,Arbitrum,,Fantom,Polygon,Fantom,Polygon,Arbitrum,Fantom,Fantom,Polygon,Fantom,Polygon,Fantom,Polygon,Fantom,Polygon,Fantom,Polygon,Fantom,Polygon,Fantom,Polygon,Polygon,Fantom,Fantom,Polygon,Fantom,Polygon,Fantom,Polygon,Fantom,Polygon,Fantom,Polygon,Fantom,Polygon,Fantom,Polygon,Fantom,Polygon,Fantom,Polygon,Arbitrum,,Polygon,Fantom,Arbitrum,Fantom,Polygon,Fantom,BNB Chain,Avalanche,BNB Chain,Polygon,BNB Chain,Fantom,Avalanche,BNB Chain,BNB Chain,Arbitrum,Avalanche,Fantom,Optimism,Fantom,Polygon,Fantom,Polygon,BNB Chain,BNB Chain,Arbitrum,Arbitrum,Avalanche,Avalanche,Polygon,Polygon,Fantom,Fantom,Polygon,Polygon,Fantom,Fantom,Polygon,Polygon,Fantom,Fantom,Polygon,Polygon,Fantom,Fantom,Polygon,Avalanche,Polygon,Polygon,Avalanche,BNB Chain,Gnosis,BNB Chain,Celo Mainnet,Gnosis,Celo Mainnet,Celo Mainnet,Gnosis,Celo Mainnet,Gnosis,Gnosis,Celo Mainnet,Gnosis,Celo Mainnet,Gnosis,Celo Mainnet,Gnosis,Celo Mainnet,Gnosis,Celo Mainnet,Gnosis,Celo Mainnet,Gnosis,Celo Mainnet,Gnosis,Celo Mainnet,Gnosis,Celo Mainnet,Gnosis,Celo Mainnet,Gnosis,Celo Mainnet,Gnosis,Celo Mainnet,Celo Mainnet,Gnosis,zkSync Era Mainnet,Polygon,zkSync Era Mainnet,Polygon,zkSync Era Mainnet,Polygon,zkSync Era Mainnet,Polygon,BNB Chain,Moonbeam,BNB Chain,Moonbeam,BNB Chain,Core Blockchain Mainnet,Moonbeam,Harmony,Arbitrum,,BNB Chain,Polygon,BNB Chain,Fantom,Moonbeam,Harmony,Harmony,Moonbeam,Polygon,Avalanche,Polygon,Moonbeam,Moonbeam,Harmony,BNB Chain,Polygon,BNB Chain,Avalanche,BNB Chain,Avalanche,BNB Chain,Fantom,BNB Chain,Harmony,Polygon,Harmony,BNB Chain,Harmony,Polygon,Harmony,Fantom,Harmony,BNB Chain,Polygon,Polygon,Gnosis,Arbitrum,Gnosis,Avalanche,Gnosis,Avalanche,Celo Mainnet,Moonbeam,Fantom,Fantom,Moonbeam,Moonbeam,Harmony,Moonriver,Fantom,Fantom,Moonriver,BNB Chain,Moonriver,zkSync Era Mainnet,Arbitrum,Avalanche,Dexalot Subnet,Dexalot Subnet,Avalanche,Gnosis,Fuse Mainnet,Gnosis,Avalanche,Gnosis,Fuse Mainnet,Gnosis,Fuse Mainnet,Gnosis,Fuse Mainnet,Gnosis,Fuse Mainnet,Gnosis,Fuse Mainnet,Gnosis,Fuse Mainnet,Gnosis,Fuse Mainnet,Gnosis,Fuse Mainnet,Gnosis,Fuse Mainnet,Gnosis,Fuse Mainnet,Gnosis,Fuse Mainnet,Gnosis,Fuse Mainnet,Fantom,Canto,OKXChain Mainnet,Polygon,Polygon,OKXChain Mainnet,Canto,Fantom,Polygon,Fantom,Gnosis,Fuse Mainnet,Gnosis,Fuse Mainnet,Gnosis,Fuse Mainnet,Gnosis,Fuse Mainnet,Gnosis,Fuse Mainnet,Gnosis,Fuse Mainnet,Gnosis,Fuse Mainnet,Gnosis,Fuse Mainnet,Gnosis,Fuse Mainnet,Gnosis,Fuse Mainnet,Gnosis,Fuse Mainnet,Fantom,Harmony,Tenet,Fantom,Fantom,Tenet,Tenet,Meter Mainnet,Tenet,Meter Mainnet,Meter Mainnet,Tenet,Gnosis,Celo Mainnet,Gnosis,Fuse Mainnet,zkSync Era Mainnet,Arbitrum Nova,Metis,Gnosis,Optimism,Meter Mainnet,Gnosis,Fuse Mainnet,Polygon,Arbitrum Nova,Harmony,Moonbeam,Gnosis,Fuse Mainnet,Gnosis,Fuse Mainnet,Fuse Mainnet,Gnosis,Gnosis,Fuse Mainnet,Gnosis,Fuse Mainnet,Gnosis,Fuse Mainnet,Gnosis,Fuse Mainnet,Gnosis,Fuse Mainnet,Gnosis,Fuse Mainnet,Gnosis,Fuse Mainnet,Gnosis,Fuse Mainnet,Gnosis,Fuse Mainnet,Gnosis,Fuse Mainnet,Gnosis,Fuse Mainnet,Gnosis,Fuse Mainnet,Gnosis,Fuse Mainnet,Gnosis,Fuse Mainnet,Gnosis,Fuse Mainnet,Optimism,,Tenet,Arbitrum Nova,Fantom,Arbitrum Nova,Tenet,Meter Mainnet,Tenet,Meter Mainnet,Tenet,Arbitrum Nova,Fantom,Arbitrum Nova,zkSync Era Mainnet,Arbitrum,Gnosis,Fuse Mainnet,Arbitrum Nova,Arbitrum Nova,Arbitrum Nova,Arbitrum Nova,Kava,Kava,Kava,Kava,Kava,Kava,BNB Chain,Core Blockchain Mainnet,Core Blockchain Mainnet,BNB Chain,BNB Chain,Polygon zkEVM,Fantom,Arbitrum Nova,Fantom,Gnosis,Fantom,Gnosis,Fantom,Gnosis,Optimism,,Gnosis,Celo Mainnet,Harmony,DFK,Harmony,DFK,Fantom,Gnosis,BNB Chain,Fantom,BNB Chain,Fantom,Klaytn Mainnet Cypress,DFK,Optimism,Base,Optimism,,Arbitrum,Base,Polygon,,Klaytn Mainnet Cypress,DFK,Avalanche,Arbitrum Nova,Arbitrum,Optimism,Polygon,Zora,Polygon,Viction,BNB Chain,Harmony,Harmony,BNB Chain,zkSync Era Mainnet,Arbitrum Nova,Fantom,Kava,Base,Zora,Optimism,Harmony,Arbitrum,,Polygon,DFK,Ethereum,Conflux eSpace,Polygon,Orderly Mainnet,BNB Chain,Core Blockchain Mainnet,Polygon,Conflux eSpace,Celo Mainnet,Conflux eSpace,Polygon,Scroll,Arbitrum,PGN (Public Goods Network),Polygon,PGN (Public Goods Network),BNB Chain,PGN (Public Goods Network),Base,Conflux eSpace,Polygon,Conflux eSpace,Polygon,,Celo Mainnet,Conflux eSpace,Optimism,PGN (Public Goods Network),Fantom,,Fantom,,Fantom,,Fantom,Merit Circle,Polygon,,Polygon,Mode,Arbitrum,,zkSync Era Mainnet,opBNB Mainnet,zkSync Era Mainnet,opBNB Mainnet,Arbitrum,,zkSync Era Mainnet,Klaytn Mainnet Cypress"
0x00000008e7e4c394367d1b4e4b89a4cfbcbb2517,"Base,Arbitrum"
0x00000008fd2c6e6d7d6248edb06b00566c13af11,"Fantom,Arbitrum,Avalanche,Fantom,Fantom,Arbitrum,Arbitrum,Linea,Linea,Arbitrum"
0x000000093e55f433fb57a32aa5d5fe717b3f7ab1,"Arbitrum,Ethereum,Arbitrum,Ethereum,Optimism,Ethereum,BNB Chain,Ethereum,BNB Chain,Ethereum,BNB Chain,Ethereum,Polygon,Ethereum,Avalanche,Ethereum,Arbitrum,Ethereum,BNB Chain,Ethereum,Ethereum,Fantom,Ethereum,Base"
0x000000095726d7cdfeeccd81a78093149e614e72,"Ethereum,BNB Chain,Optimism,BNB Chain,BNB Chain,Polygon,zkSync Era Mainnet,Optimism,Polygon,Arbitrum,Arbitrum,Optimism,Arbitrum,Optimism,BNB Chain,Metis,Arbitrum,Optimism,Optimism,Arbitrum,Optimism,Polygon,Polygon,Optimism,Optimism,BNB Chain,zkSync Era Mainnet,Arbitrum Nova,Polygon,Optimism,Base,Optimism,Base,Avalanche,Avalanche,Polygon,Avalanche,Arbitrum,Arbitrum,Kava,Polygon,Avalanche,Kava,Arbitrum,Arbitrum,Optimism,Arbitrum,Polygon zkEVM,Optimism,Polygon zkEVM,Polygon zkEVM,Celo Mainnet,Celo Mainnet,Arbitrum,Arbitrum,Optimism,Arbitrum,Base,Base,Gnosis,Gnosis,Avalanche,Avalanche,BNB Chain,BNB Chain,Optimism,Optimism,Arbitrum,Arbitrum,Ethereum,Arbitrum,,Arbitrum,Linea,Linea,opBNB Mainnet,Arbitrum,Metis,Arbitrum,opBNB Mainnet,opBNB Mainnet,Base"
0x000000096a20a3f50f7047c633301d1bf4ffe9de,"Arbitrum,Optimism,Optimism,BNB Chain"
0x000000098fdad8a7cd961941336897b3181aef52,"Polygon,Optimism,Polygon,Arbitrum,Avalanche,Arbitrum,BNB Chain,Arbitrum,Arbitrum,BNB Chain,Optimism,Arbitrum,Polygon,Fantom,Polygon,Avalanche,Avalanche,Arbitrum,BNB Chain,Arbitrum,Polygon,Arbitrum,Arbitrum,BNB Chain,Arbitrum,Optimism,BNB Chain,Avalanche,Avalanche,Arbitrum,Arbitrum,BNB Chain,Polygon,Optimism,Polygon,Optimism,BNB Chain,Core Blockchain Mainnet,BNB Chain,Arbitrum Nova,BNB Chain,Optimism,BNB Chain,Polygon,BNB Chain,Arbitrum,Polygon,Core Blockchain Mainnet,Optimism,Arbitrum,Optimism,Polygon,BNB Chain,Core Blockchain Mainnet,Core Blockchain Mainnet,BNB Chain,Optimism,Avalanche,Optimism,Avalanche,BNB Chain,Polygon,BNB Chain,Core Blockchain Mainnet,BNB Chain,Celo Mainnet,BNB Chain,Mantle,Polygon,BNB Chain,Polygon,Core Blockchain Mainnet,Polygon,Celo Mainnet,Polygon,Mantle,Core Blockchain Mainnet,BNB Chain,Core Blockchain Mainnet,Polygon,Celo Mainnet,BNB Chain,Celo Mainnet,Polygon,Polygon,Arbitrum,BNB Chain,Optimism,Polygon,Arbitrum,Arbitrum,Base,Polygon,BNB Chain,zkSync Era Mainnet,BNB Chain,BNB Chain,Arbitrum,Arbitrum,,BNB Chain,Arbitrum"
0x00000009d94baf057697d988d2e3eec2fce81162,"Polygon,Arbitrum,Arbitrum,Optimism,Polygon,Avalanche,Arbitrum,Fantom,Fantom,Polygon,Arbitrum,Fantom,Fantom,Optimism,Optimism,Polygon,Polygon,Arbitrum,Arbitrum,Avalanche,Polygon,BNB Chain,Avalanche,Polygon,Polygon,Avalanche,Polygon,Core Blockchain Mainnet,BNB Chain,Core Blockchain Mainnet,Core Blockchain Mainnet,Polygon,Celo Mainnet,Polygon,Optimism,Base,BNB Chain,Mantle,Avalanche,Base,Polygon,Celo Mainnet,Celo Mainnet,Polygon,Polygon,Core Blockchain Mainnet,BNB Chain,Celo Mainnet,Avalanche,Arbitrum,Avalanche,Arbitrum,Arbitrum,Linea,Base,Polygon,Optimism,Linea,Optimism,Base,BNB Chain,Core Blockchain Mainnet,Core Blockchain Mainnet,Polygon,Arbitrum,Base,Arbitrum,Linea"
0x0000000a362b7ae7239e186b2bbeb943305c59ad,"Arbitrum,Optimism,Arbitrum,Avalanche,Arbitrum,Polygon,Polygon,Fantom,Fantom,Optimism,Optimism,Avalanche,Avalanche,Arbitrum,Polygon,BNB Chain,Avalanche,Polygon,Polygon,Avalanche,Core Blockchain Mainnet,Polygon,BNB Chain,Core Blockchain Mainnet,Polygon,Core Blockchain Mainnet,Celo Mainnet,Polygon,Arbitrum,Base,Optimism,Base,BNB Chain,Mantle,Polygon,Celo Mainnet,BNB Chain,Celo Mainnet,Core Blockchain Mainnet,BNB Chain,Arbitrum,Linea,Base,Arbitrum,Optimism,Linea,Base,Polygon,Polygon,Base,Fantom,Polygon,BNB Chain,Arbitrum,Arbitrum,Linea"
0x0000000a44c0e769e79783581bc3d57af85ae175,"Arbitrum,Optimism,Optimism,Arbitrum,Arbitrum,BNB Chain,Avalanche,Arbitrum,Arbitrum,Polygon,Polygon,Avalanche,Avalanche,Arbitrum,Arbitrum,Avalanche,Avalanche,Arbitrum,BNB Chain,Arbitrum Nova,Arbitrum,BNB Chain,BNB Chain,Harmony,BNB Chain,Harmony,BNB Chain,Harmony,BNB Chain,Harmony,BNB Chain,Harmony,BNB Chain,Harmony,Harmony,BNB Chain,Fantom,Fuse Mainnet,Fantom,Fuse Mainnet,Fantom,Fuse Mainnet,Fantom,Fuse Mainnet,Fantom,Fuse Mainnet,Fantom,Fuse Mainnet,Fantom,Fuse Mainnet,Fantom,Fuse Mainnet,Fantom,Fuse Mainnet,Fantom,Fuse Mainnet,Fantom,Fuse Mainnet,Fantom,Fuse Mainnet,Fantom,Fuse Mainnet,Fantom,Fuse Mainnet,Fantom,Fuse Mainnet,Fantom,Fuse Mainnet,Fantom,Fuse Mainnet,Fantom,Fuse Mainnet,Fantom,Fuse Mainnet,Fantom,Fuse Mainnet,Fantom,Fuse Mainnet,Fantom,Fuse Mainnet,Fantom,Fuse Mainnet,Fantom,Fuse Mainnet,Fantom,Fuse Mainnet,Fantom,Fuse Mainnet,Fantom,Fuse Mainnet,Fantom,Fuse Mainnet,Fantom,Fuse Mainnet,Fantom,Fuse Mainnet,Fantom,Fuse Mainnet,Fantom,Fuse Mainnet,Fantom,Fuse Mainnet,Fantom,Fuse Mainnet,Fantom,Fuse Mainnet,Fantom,Fuse Mainnet,Fantom,Fuse Mainnet,Fantom,Fuse Mainnet,Fantom,Fuse Mainnet,Fantom,Fuse Mainnet,Fantom,Fuse Mainnet,Fantom,Fuse Mainnet,Fantom,Fuse Mainnet,Fantom,Fuse Mainnet,Fantom,Fuse Mainnet,Fantom,Fuse Mainnet,Fantom,Fuse Mainnet,Fantom,Fuse Mainnet,Fantom,Fuse Mainnet,Fantom,Fuse Mainnet,Fantom,Fuse Mainnet,Fantom,Fuse Mainnet,Fantom,Fuse Mainnet,Fantom,Fuse Mainnet,Fantom,Fuse Mainnet,Fantom,Fuse Mainnet,Fantom,Fuse Mainnet,Fantom,Fuse Mainnet,Fantom,Fuse Mainnet,Fantom,Fuse Mainnet,Fantom,Fuse Mainnet,Fantom,Fuse Mainnet,Fantom,Fuse Mainnet,Fantom,Fuse Mainnet,Fantom,Fuse Mainnet,Fantom,Fuse Mainnet,Fantom,Fuse Mainnet,Fantom,Fuse Mainnet,Fantom,Fuse Mainnet,Fantom,Fuse Mainnet,Fantom,Fuse Mainnet,Fantom,Fuse Mainnet,Fantom,Fuse Mainnet,Fantom,Fuse Mainnet,Fantom,Fuse Mainnet,Fantom,Fuse Mainnet,Fantom,Fuse Mainnet,Fantom,Fuse Mainnet,Fantom,Fuse Mainnet,Fantom,Fuse Mainnet,Fantom,Fuse Mainnet,Fantom,Fuse Mainnet,Fantom,Fuse Mainnet,Fantom,Fuse Mainnet,Fantom,Fuse Mainnet,Fantom,Fuse Mainnet,Fantom,Fuse Mainnet,Fantom,Fuse Mainnet,Fantom,Fuse Mainnet,Fantom,Fuse Mainnet,Fantom,Fuse Mainnet,Fantom,Fuse Mainnet,Fantom,Fuse Mainnet,Fantom,Fuse Mainnet,Fantom,Fuse Mainnet,Fantom,Fuse Mainnet,Fantom,Fuse Mainnet,Fantom,Fuse Mainnet,Fantom,Fuse Mainnet,Fantom,Fuse Mainnet,Fantom,Fuse Mainnet,Fantom,Fuse Mainnet,Fantom,Fuse Mainnet,Fantom,Fuse Mainnet,Fantom,Fuse Mainnet,Fantom,Fuse Mainnet,Fantom,Fuse Mainnet,Fantom,Fuse Mainnet,Fantom,Fuse Mainnet,Fantom,Fuse Mainnet,Fantom,Fuse Mainnet,Fantom,Fuse Mainnet,Fantom,Fuse Mainnet,Fantom,Fuse Mainnet,Fantom,Fuse Mainnet,Fantom,Fuse Mainnet,Fantom,Fuse Mainnet,Fantom,Fuse Mainnet,Fantom,Fuse Mainnet,Fantom,Fuse Mainnet,Fantom,Fuse Mainnet,Fantom,Fuse Mainnet,Fantom,Fuse Mainnet,Fantom,Fuse Mainnet,Fantom,Fuse Mainnet,Fantom,Fuse Mainnet,Fantom,Fuse Mainnet,Fantom,Fuse Mainnet,Fantom,Fuse Mainnet,Fantom,Fuse Mainnet,Fantom,Fuse Mainnet,Fantom,Fuse Mainnet,Fantom,Fuse Mainnet,Fantom,Fuse Mainnet,Fantom,Fuse Mainnet,Fantom,Fuse Mainnet,Fantom,Fuse Mainnet,Fantom,Fuse Mainnet,Fantom,Fuse Mainnet,Fantom,Fuse Mainnet,Fantom,Fuse Mainnet,Fantom,Fuse Mainnet,Fantom,Fuse Mainnet,Fantom,Fuse Mainnet,Fantom,Fuse Mainnet,Fantom,Fuse Mainnet,Fantom,Fuse Mainnet,Fantom,Fuse Mainnet,Fantom,Fuse Mainnet,Fantom,Fuse Mainnet,Fantom,Fuse Mainnet,Fantom,Fuse Mainnet,Fantom,Fuse Mainnet,Fantom,Fuse Mainnet,Fantom,Fuse Mainnet,Fantom,Fuse Mainnet,Fantom,Fuse Mainnet,Fantom,Fuse Mainnet,Fantom,Fuse Mainnet,Fantom,Fuse Mainnet,Fantom,Fuse Mainnet,Fantom,Fuse Mainnet,Fantom,Fuse Mainnet,Fantom,Fuse Mainnet,Fantom,Fuse Mainnet,Fantom,Fuse Mainnet,Fantom,Fuse Mainnet,Fantom,Fuse Mainnet,Fantom,Fuse Mainnet,Fantom,Fuse Mainnet,Fantom,Fuse Mainnet,Fantom,Fuse Mainnet,Fantom,Fuse Mainnet,Fantom,Fuse Mainnet,Fantom,Fuse Mainnet,Fantom,Fuse Mainnet,Fantom,Fuse Mainnet,Fantom,Fuse Mainnet,Fantom,Fuse Mainnet,Fantom,Fuse Mainnet,Fantom,Fuse Mainnet,Fantom,Fuse Mainnet,Fantom,Fuse Mainnet,Fantom,Fuse Mainnet,Fantom,Fuse Mainnet,Fantom,Fuse Mainnet,Fantom,Fuse Mainnet,Fantom,Fuse Mainnet,Fantom,Fuse Mainnet,Fantom,Fuse Mainnet,Fantom,Fuse Mainnet,Fantom,Fuse Mainnet,Fantom,Fuse Mainnet,Fantom,Fuse Mainnet,Fantom,Fuse Mainnet,Fantom,Fuse Mainnet,Fantom,Fuse Mainnet,Fantom,Fuse Mainnet,Fantom,Fuse Mainnet,Fantom,Fuse Mainnet,Fantom,Fuse Mainnet,Fantom,Fuse Mainnet,Fantom,Fuse Mainnet,Fantom,Fuse Mainnet,Fantom,Fuse Mainnet,Fantom,Fuse Mainnet,Fantom,Fuse Mainnet,Fantom,Fuse Mainnet,Fantom,Fuse Mainnet,Fantom,Fuse Mainnet,Fantom,Fuse Mainnet,Fantom,Fuse Mainnet,Fantom,Fuse Mainnet,Fantom,Fuse Mainnet,Fantom,Fuse Mainnet,Fantom,Fuse Mainnet,Fantom,Fuse Mainnet,Fantom,Fuse Mainnet,Fantom,Fuse Mainnet,Fantom,Fuse Mainnet,Fantom,Fuse Mainnet,Fantom,Fuse Mainnet,Fantom,Fuse Mainnet,Fantom,Fuse Mainnet,Fantom,Fuse Mainnet,Fantom,Fuse Mainnet,Fantom,Fuse Mainnet,Fantom,Fuse Mainnet,Fantom,Fuse Mainnet"
0x0000000a4567b5b4bbd834e9ff0c35c78943514f,"Optimism,Base,zkSync Era Mainnet,Base,zkSync Era Mainnet,Base,zkSync Era Mainnet,Base"
0x0000000a5d2afc64886a80780bc5ca6ecc519181,"Arbitrum,Optimism,Polygon,Avalanche,Arbitrum,Polygon,Polygon,BNB Chain,BNB Chain,Fantom,Fantom,Arbitrum,Arbitrum,Avalanche,Avalanche,Polygon,BNB Chain,Polygon,Polygon,Avalanche,Polygon,Core Blockchain Mainnet,BNB Chain,Core Blockchain Mainnet,Core Blockchain Mainnet,Polygon,Celo Mainnet,Polygon,Avalanche,Base,BNB Chain,Mantle,Core Blockchain Mainnet,Polygon,Polygon,Celo Mainnet,Polygon,Celo Mainnet,BNB Chain,Celo Mainnet,Arbitrum,Linea,Avalanche,Arbitrum,Base,Arbitrum,Optimism,Base,Arbitrum,Linea,Base,Polygon,BNB Chain,Core Blockchain Mainnet,zkSync Era Mainnet,Base,Fantom,Optimism,Optimism,Linea,Arbitrum,Orderly Mainnet"
0x0000000a7e98d4b406403701025ca41e6251c91d,"DFK,Klaytn Mainnet Cypress,DFK,Klaytn Mainnet Cypress,DFK,Klaytn Mainnet Cypress,DFK,Klaytn Mainnet Cypress,DFK,Klaytn Mainnet Cypress,DFK,Klaytn Mainnet Cypress,DFK,Klaytn Mainnet Cypress,DFK,Klaytn Mainnet Cypress,DFK,Klaytn Mainnet Cypress,DFK,Klaytn Mainnet Cypress,DFK,Klaytn Mainnet Cypress,DFK,Klaytn Mainnet Cypress,DFK,Klaytn Mainnet Cypress,DFK,Klaytn Mainnet Cypress,DFK,Klaytn Mainnet Cypress,Polygon,Avalanche,zkSync Era Mainnet,Arbitrum Nova,BNB Chain,Core Blockchain Mainnet,BNB Chain,Polygon,Polygon,Core Blockchain Mainnet,Core Blockchain Mainnet,Polygon,Linea,BNB Chain,Arbitrum,Optimism,Arbitrum,Orderly Mainnet"
0x0000000ae879e97c8ceff399ca60e1bf07bdef94,"Optimism,Polygon,Polygon,Optimism"
0x0000000afeaf433d80183ee49b65f38114397462,"Arbitrum,Optimism,Arbitrum,Optimism,Polygon,Avalanche,Arbitrum,Polygon,Polygon,Avalanche,Avalanche,BNB Chain,BNB Chain,Fantom,Fantom,Arbitrum,BNB Chain,Polygon,Polygon,Avalanche,Core Blockchain Mainnet,Polygon,BNB Chain,Core Blockchain Mainnet,Polygon,Core Blockchain Mainnet,Celo Mainnet,Polygon,Optimism,Base,BNB Chain,Mantle,Polygon,Celo Mainnet,Core Blockchain Mainnet,BNB Chain,Arbitrum,Linea,Optimism,Linea,Arbitrum,Optimism,zkSync Era Mainnet,Base,BNB Chain,Base,BNB Chain,Optimism,Optimism,Linea"
0x0000000b34fa557d0c018135ca39a168dd0673af,"Polygon,Avalanche"
0x0000000b4d325bb539676dac6ec3413d5974cf0f,"Ethereum,Arbitrum"
0x0000000b7be5135510908f32af4145d2c800ae82,"DFK,Klaytn Mainnet Cypress,DFK,Klaytn Mainnet Cypress,DFK,Klaytn Mainnet Cypress,DFK,Klaytn Mainnet Cypress,DFK,Klaytn Mainnet Cypress,DFK,Klaytn Mainnet Cypress,DFK,Klaytn Mainnet Cypress,DFK,Klaytn Mainnet Cypress,DFK,Klaytn Mainnet Cypress,DFK,Klaytn Mainnet Cypress,DFK,Klaytn Mainnet Cypress,DFK,Klaytn Mainnet Cypress,DFK,Klaytn Mainnet Cypress,DFK,Klaytn Mainnet Cypress,DFK,Klaytn Mainnet Cypress,DFK,Klaytn Mainnet Cypress,DFK,Klaytn Mainnet Cypress,DFK,Klaytn Mainnet Cypress,DFK,Klaytn Mainnet Cypress,DFK,Klaytn Mainnet Cypress,DFK,Klaytn Mainnet Cypress,DFK,Klaytn Mainnet Cypress,DFK,Klaytn Mainnet Cypress,DFK,Klaytn Mainnet Cypress,DFK,Klaytn Mainnet Cypress,DFK,Klaytn Mainnet Cypress,DFK,Klaytn Mainnet Cypress,DFK,Klaytn Mainnet Cypress,DFK,Klaytn Mainnet Cypress,DFK,Klaytn Mainnet Cypress,DFK,Klaytn Mainnet Cypress,DFK,Klaytn Mainnet Cypress,DFK,Klaytn Mainnet Cypress,DFK,Klaytn Mainnet Cypress,DFK,Klaytn Mainnet Cypress,DFK,Klaytn Mainnet Cypress,DFK,Klaytn Mainnet Cypress,DFK,Klaytn Mainnet Cypress,DFK,Klaytn Mainnet Cypress,DFK,Klaytn Mainnet Cypress,DFK,Klaytn Mainnet Cypress,DFK,Klaytn Mainnet Cypress,DFK,Klaytn Mainnet Cypress,DFK,Klaytn Mainnet Cypress,DFK,Klaytn Mainnet Cypress,DFK,Klaytn Mainnet Cypress,DFK,Klaytn Mainnet Cypress,DFK,Klaytn Mainnet Cypress,DFK,Klaytn Mainnet Cypress,DFK,Klaytn Mainnet Cypress,DFK,Klaytn Mainnet Cypress"
0x0000000c01915e253a7f1017c975812edd5e8ecc,"Ethereum,Base"
0x0000000c31189bb3ff6488a07d657ef581aac32d,"Arbitrum,Optimism,Polygon,Avalanche,Arbitrum,Polygon,Arbitrum,Optimism,Optimism,BNB Chain,BNB Chain,Avalanche,Avalanche,Fantom,Fantom,Polygon,Avalanche,Polygon,Polygon,Avalanche,Polygon,Core Blockchain Mainnet,BNB Chain,Core Blockchain Mainnet,Core Blockchain Mainnet,Polygon,Polygon,Base,Optimism,Base,BNB Chain,Mantle,Core Blockchain Mainnet,Polygon,BNB Chain,Celo Mainnet,Polygon,Celo Mainnet,Polygon,Celo Mainnet,Celo Mainnet,Polygon,Arbitrum,Linea,Base,Arbitrum,Optimism,Linea,Optimism,Base,BNB Chain,Core Blockchain Mainnet,Core Blockchain Mainnet,Polygon,Optimism,Base,Arbitrum,Linea,Arbitrum,Orderly Mainnet"
0x0000000c50489ced5f512c74fb11ba9af3a03e13,"Base,Ethereum"
0x0000000c561bc77b85163e0ac85e99ac53352ad7,"Ethereum,Manta,Ethereum,Manta"
0x0000000cd597f8f46479c8e55ec7e7e349f9bfc4,"Optimism,Arbitrum,Arbitrum,Fantom,Fantom,Polygon,Fantom,Arbitrum,Polygon,Arbitrum,Polygon,Base,Arbitrum,Base,Optimism,Base,Base,Avalanche,Avalanche,BNB Chain,Arbitrum,BNB Chain,BNB Chain,Arbitrum,Optimism,Arbitrum,Arbitrum,Kava,Kava,Arbitrum,zkSync Era Mainnet,Base,Arbitrum,Linea,BNB Chain,Core Blockchain Mainnet,Linea,Zora,Canto,Moonbeam,Moonbeam,Klaytn Mainnet Cypress"
0x0000000d458f2b3cef4cd93bd5bab7f47f78fdea,"Base,Kava"
0x0000000dbf80f29c9ed7d52116f3037f8deb1902,"Arbitrum,Ethereum,Arbitrum,Ethereum"
0x0000000e32c5103b9263f04b7ba03c9e69bc6d4a,"Arbitrum,Ethereum"
0x0000000f103a8141b5ae9c291a9fa2261bfe8e79,"Arbitrum,Optimism,Arbitrum,Optimism,Arbitrum,Fantom,Fantom,Polygon,Polygon,Fantom,Arbitrum,Polygon,Polygon,Arbitrum,Arbitrum,BNB Chain,BNB Chain,Fantom,Fantom,Avalanche,BNB Chain,Polygon,Polygon,Avalanche,Polygon,Core Blockchain Mainnet,BNB Chain,Core Blockchain Mainnet,Core Blockchain Mainnet,Polygon,Optimism,Base,BNB Chain,Mantle,BNB Chain,Celo Mainnet,Polygon,Celo Mainnet,Core Blockchain Mainnet,BNB Chain,Celo Mainnet,Polygon,Avalanche,Arbitrum,Arbitrum,Linea,Arbitrum,Linea,Optimism,Base,zkSync Era Mainnet,Base,Fantom,Polygon,Optimism,Base,Arbitrum,Linea,Arbitrum,Orderly Mainnet"
0x0000000f17d77b2fd07af192e8b5be2c02f95145,"Arbitrum,Optimism,Arbitrum,Optimism,Polygon,Avalanche,Arbitrum,Fantom,Fantom,Optimism,Arbitrum,Fantom,Arbitrum,Optimism,Optimism,Arbitrum,Arbitrum,Avalanche,Avalanche,Polygon,Polygon,Fantom,Fantom,Arbitrum,Arbitrum,BNB Chain,BNB Chain,Polygon,Polygon,Avalanche,BNB Chain,Core Blockchain Mainnet,Polygon,Core Blockchain Mainnet,Core Blockchain Mainnet,Polygon,Celo Mainnet,Polygon,Optimism,Base,BNB Chain,Mantle,Polygon,Celo Mainnet,Core Blockchain Mainnet,BNB Chain,Arbitrum,Linea,Arbitrum,Linea,Optimism,Base,BNB Chain,Polygon,Fantom,Polygon,Polygon,Optimism,Arbitrum,Linea"
0x0000000f3a9e446d0a6f976df5f0ed1b324dcd0e,"Arbitrum,Optimism,Polygon,Avalanche,Arbitrum,Polygon,Arbitrum,Polygon,Polygon,Fantom,Fantom,BNB Chain,BNB Chain,Avalanche,Avalanche,Arbitrum,BNB Chain,Polygon,Polygon,Avalanche,Core Blockchain Mainnet,Polygon,BNB Chain,Core Blockchain Mainnet,Polygon,Core Blockchain Mainnet,Celo Mainnet,Polygon,Optimism,Base,BNB Chain,Mantle,BNB Chain,Celo Mainnet,BNB Chain,Polygon,Arbitrum,Linea,Optimism,Linea,Fantom,Polygon,Polygon,Base,Core Blockchain Mainnet,Polygon,Polygon,Base,Base,Optimism,Arbitrum,Linea,Arbitrum,Orderly Mainnet"
0x0000000f3dcc2361231126529d9ecfdbe85838e5,"Optimism,Linea,Optimism,Linea,Optimism,Base,Optimism,Linea,Optimism,Arbitrum,Linea,BNB Chain,Linea,BNB Chain,Optimism,Base"
0x0000000f593bb97e2d2dbbaf418fbaeccee4a2ec,"BNB Chain,Tenet,BNB Chain,Kava,BNB Chain,Moonriver,BNB Chain,Kava,BNB Chain,Moonriver,BNB Chain,Core Blockchain Mainnet,Polygon,Celo Mainnet,Polygon,Harmony,BNB Chain,Moonbeam,Arbitrum,Optimism,BNB Chain,Polygon,Polygon,BNB Chain"
0x0000000f65d503603782d94e78e30c6d05955741,"Goerli,Arbitrum"
0x0000000fac3c36158a6e9d42b99998d4f35bd64b,"Optimism,Arbitrum Nova,Optimism,Gnosis,Optimism,Metis,Optimism,Fantom,Optimism,Arbitrum,Optimism,Arbitrum,Optimism,Polygon,Optimism,Polygon,Optimism,Avalanche,Optimism,Arbitrum Nova,Optimism,Gnosis,Optimism,Arbitrum Nova,Optimism,Gnosis,Optimism,Metis"
0x0000000fb4156b43079e68802e8e042aea3f7ff2,"Polygon,BNB Chain"
0x0000000fdeaf45be832b96abfcf8f4c456be7651,"Arbitrum,Polygon,Polygon,Arbitrum,Base,Arbitrum,Arbitrum,Fantom,Arbitrum,Base,Polygon,Arbitrum,Optimism,Meter Mainnet,Optimism,Meter Mainnet,Optimism,Kava,Optimism,Meter Mainnet,Arbitrum,Meter Mainnet,Arbitrum,Meter Mainnet,Polygon,BNB Chain,Polygon,BNB Chain,Base,Arbitrum,Base,Arbitrum,Arbitrum,Ethereum,Base,Optimism,BNB Chain,Avalanche,zkSync Era Mainnet,Optimism,BNB Chain,Linea,Linea,Polygon,Arbitrum,Avalanche,Avalanche,Fantom,Fantom,BNB Chain,Celo Mainnet,Gnosis,Optimism,Gnosis,Gnosis,Celo Mainnet,Celo Mainnet,Optimism,Arbitrum,Mantle,Mantle,Kava,Kava,Linea,Linea,Base,Base,Fantom,Fantom,Avalanche,Avalanche,BNB Chain,BNB Chain,Arbitrum,Base,Zora,Zora,Mantle,Mantle,BNB Chain,Fantom,,Fantom,,Arbitrum,BNB Chain,BNB Chain,Polygon,Polygon,Optimism,Optimism,Core Blockchain Mainnet,Linea,Core Blockchain Mainnet,Linea,Core Blockchain Mainnet,Linea,Core Blockchain Mainnet,Linea,Core Blockchain Mainnet,Linea,Core Blockchain Mainnet,Linea,Core Blockchain Mainnet,Linea,Core Blockchain Mainnet,Core Blockchain Mainnet,Avalanche,Avalanche,,Polygon,Arbitrum"
0x0000000fe4e90789b4cfcd19be68bf3f5f075f22,"Polygon,Fantom,BNB Chain,Core Blockchain Mainnet,BNB Chain,Mantle"
0x0000000fec39e8982321dd92576565f6631c9542,"Linea,Base,Linea,Base"
0x0000001089167600c25258da29d2e2c857ec1689,"Polygon,Arbitrum,BNB Chain,Polygon,Polygon,Core Blockchain Mainnet,Core Blockchain Mainnet,Polygon,Optimism,Gnosis,Optimism,Metis,Optimism,Arbitrum Nova,Optimism,Arbitrum Nova,Optimism,Gnosis,Optimism,Arbitrum Nova,Optimism,Gnosis,Optimism,Arbitrum Nova,Optimism,Gnosis,Optimism,Gnosis,Linea,BNB Chain,BNB Chain,Mantle,BNB Chain,Arbitrum,Optimism,Base,Polygon,Core Blockchain Mainnet,Arbitrum,Polygon zkEVM,Arbitrum,Linea,Arbitrum,Optimism,BNB Chain,Base,Base,Zora,Optimism,Arbitrum,Optimism,Arbitrum,Optimism,Base,Base,Optimism"
0x00000012616b0cb849db9a897bc338b709bc56e5,"Ethereum,Manta"
0x0000001372e86ffda10e882066c582c322eb94f3,"Base,Zora,Polygon,Zora"
0x00000015c1106ffdfc6e0b6edb54176bf784cf43,"Polygon,Harmony"
0x00000015e180b01c40b881e10774bc784bb6f4eb,"BNB Chain,Optimism,Optimism,Arbitrum,Ethereum,Optimism,Ethereum,Optimism,Ethereum,Manta,zkSync Era Mainnet,Base,Optimism,,Arbitrum,Base,Base,Linea,Linea,Arbitrum"
0x000000169807f9e32fd3d877f98caa0f671b983c,"Base,Arbitrum Nova,Base,Zora,Base,Zora,zkSync Era Mainnet,Arbitrum Nova,zkSync Era Mainnet,Arbitrum Nova,zkSync Era Mainnet,Arbitrum Nova,zkSync Era Mainnet,Arbitrum Nova,zkSync Era Mainnet,Arbitrum Nova,Optimism,Moonbeam,BNB Chain,DFK,Optimism,Canto,BNB Chain,DFK,Optimism,Zora,Moonbeam,Gnosis,BNB Chain,Kava,BNB Chain,Celo Mainnet,Moonbeam,Harmony,Polygon,Kava,Moonbeam,DFK,Moonbeam,Harmony,Polygon,Harmony,Optimism,Canto,Moonbeam,Celo Mainnet,Optimism,Canto,Optimism,Arbitrum Nova,Optimism,Harmony,zkSync Era Mainnet,Arbitrum Nova,zkSync Era Mainnet,Arbitrum Nova,Polygon,DFK,Polygon,Kava,Polygon,Celo Mainnet,Polygon,Harmony,Celo Mainnet,Gnosis,Polygon,Gnosis,Polygon,Kava,Polygon,Gnosis,Polygon,DFK,Polygon,Celo Mainnet,Celo Mainnet,Gnosis,Polygon,Harmony,Optimism,Arbitrum Nova,Optimism,Canto,Optimism,Moonbeam"
0x00000016f127c94a667ae3c9fdf0c31c9c79826f,"Ethereum,Polygon"
0x00000017a78d0487fe3927808a9d406076c8ce38,"Optimism,Base,Optimism,Base,Base,Gnosis,zkSync Era Mainnet,Base"
0x0000001992b4479ebcb260ca260ad1c3d8073dce,"Arbitrum,Optimism,Optimism,Base,Arbitrum,Optimism,Optimism,Base,Base,Gnosis,zkSync Era Mainnet,Base,zkSync Era Mainnet,Base"
0x0000001a725bea1de99edbcaea22ad952e0f0f42,"Optimism,Polygon"
0x0000001d1ce2b524617cd83b7f6ec089d17dd038,"BNB Chain,Polygon"
0x0000001f1c5f0d3d5ec4addff332a9502465cf26,"Arbitrum,Fantom,Arbitrum,Fantom,Fantom,Arbitrum,Optimism,Arbitrum,Arbitrum,Avalanche"
0x000000209e0a892842bc06c354e7d097392cbbbb,"BNB Chain,Ethereum,BNB Chain,Ethereum,BNB Chain,Ethereum,BNB Chain,Ethereum,BNB Chain,Ethereum,BNB Chain,Ethereum,BNB Chain,Ethereum,BNB Chain,Ethereum,BNB Chain,Ethereum,BNB Chain,Ethereum,BNB Chain,Ethereum,BNB Chain,Ethereum,BNB Chain,Ethereum,Arbitrum,Ethereum,Arbitrum,Ethereum,Arbitrum,Ethereum,Arbitrum,Ethereum,Arbitrum,Ethereum,Arbitrum,Ethereum,Arbitrum,Ethereum,Arbitrum,Ethereum,Arbitrum,Ethereum,Arbitrum,Ethereum,Arbitrum,Ethereum,Arbitrum,Ethereum,Arbitrum,Ethereum,Arbitrum,Ethereum,Arbitrum,Ethereum,Arbitrum,Ethereum,Arbitrum,Ethereum,Arbitrum,Ethereum,Arbitrum,Ethereum,Arbitrum,Ethereum,Arbitrum,BNB Chain,Arbitrum,Ethereum,BNB Chain,Polygon,Arbitrum,Ethereum,BNB Chain,Arbitrum,BNB Chain,Polygon,Arbitrum,Ethereum,Arbitrum,Ethereum,Arbitrum,Ethereum,Arbitrum,Ethereum,Optimism,Ethereum,Optimism,Ethereum,Optimism,Ethereum,Optimism,Ethereum,Optimism,Ethereum,Optimism,Ethereum,Optimism,Ethereum,Optimism,Ethereum,Optimism,Ethereum,Optimism,Ethereum,Optimism,Ethereum,Optimism,Ethereum,Optimism,Arbitrum,Optimism,Ethereum,Optimism,Ethereum,Optimism,Ethereum,Optimism,Ethereum,Optimism,Base,Optimism,Ethereum,Optimism,Ethereum,Optimism,Ethereum,Optimism,Ethereum,Optimism,Ethereum,Optimism,Ethereum,Optimism,Ethereum,Optimism,Ethereum,Arbitrum,Fantom,Arbitrum,Fantom"
0x00000022433d64ed33a7d56a26307be21e9e06d9,"Scroll,Arbitrum"
0x0000002396544ac00ee0c1a4427f5c1134e79883,"Arbitrum,Optimism,Optimism,Arbitrum,Arbitrum,Ethereum,Arbitrum,Avalanche,Arbitrum,Celo Mainnet,Arbitrum,Polygon zkEVM,Arbitrum,Polygon,Arbitrum,Gnosis,Arbitrum,BNB Chain,Arbitrum,Optimism,Arbitrum,Fantom,Arbitrum,Polygon,zkSync Era Mainnet,BNB Chain,BNB Chain,zkSync Era Mainnet,Avalanche,BNB Chain,BNB Chain,Core Blockchain Mainnet,BNB Chain,Harmony,Arbitrum,Optimism,Optimism,Arbitrum,Arbitrum,Tenet,Arbitrum,Meter Mainnet,Arbitrum,Tenet,Arbitrum,Optimism,Arbitrum,Celo Mainnet,Arbitrum,Canto,Arbitrum,Avalanche,Arbitrum,Arbitrum Nova,Arbitrum,OKXChain Mainnet,Arbitrum,Polygon zkEVM,Arbitrum,Harmony,Arbitrum,BNB Chain,Arbitrum,Moonbeam,Arbitrum,Gnosis,Arbitrum,Fantom,Arbitrum,Polygon,Arbitrum,Base,Arbitrum,Mantle,Arbitrum,Linea,Arbitrum,DFK,Arbitrum,Moonriver,Arbitrum,Kava,Arbitrum,,Arbitrum,Optimism,Optimism,Arbitrum,Arbitrum,Optimism,Optimism,Arbitrum,Arbitrum,Optimism,Optimism,Polygon,Polygon,Avalanche,Avalanche,BNB Chain,BNB Chain,Metis,BNB Chain,Arbitrum,Arbitrum,Optimism,Avalanche,Kava,Optimism,Arbitrum,Arbitrum,Optimism,Optimism,Arbitrum,Avalanche,Polygon,Arbitrum,Optimism,Optimism,Arbitrum,Arbitrum,BNB Chain,BNB Chain,Arbitrum,Arbitrum,Optimism,Optimism,Arbitrum,Arbitrum,Optimism,Polygon,BNB Chain,Optimism,Arbitrum"
0x0000002565ee95ca0f88bf6a2f0573ee8ad6c4db,"BNB Chain,Moonriver,BNB Chain,Moonriver,BNB Chain,Tenet,BNB Chain,Moonriver,BNB Chain,Celo Mainnet,BNB Chain,Arbitrum Nova,Polygon,Harmony,BNB Chain,Polygon,Polygon,BNB Chain,Arbitrum,Celo Mainnet"
0x000000269073b3b12af597028acc00668b67ad6e,"Ethereum,Manta"
0x000000277140e1f4f8b813f2659888f1fe1c85fb,"Optimism,Base"
0x000000277ea879c32c2d10a4bf905e8360814e65,"Arbitrum,Fantom,Fantom,Avalanche,Avalanche,Polygon,Polygon,Fantom,Fantom,Polygon,Polygon,Avalanche,Avalanche,Fantom,Fantom,Polygon,Polygon,Avalanche,Avalanche,Fantom,Fantom,Polygon,Polygon,Avalanche,Avalanche,Fantom,Fantom,Avalanche,Avalanche,Fantom,Fantom,Polygon,Polygon,Arbitrum,Arbitrum,Polygon,Polygon,Arbitrum,Arbitrum,Avalanche"
0x0000002839782d9927cb53e91010258d4db007b0,"Arbitrum,Linea,Arbitrum,Linea"
0x000000288e104e3ede4b6ad20072f76dbd7ec4db,"BNB Chain,Ethereum,Ethereum,BNB Chain"
0x00000028e15b0f9f33c072e0c89bd6eee5c6fd97,"Arbitrum,Optimism,Arbitrum,Base,Base,Moonbeam,zkSync Era Mainnet,Base"
0x00000028e21a66b7f5f1bcf3e655d3254682cc15,"Polygon,BNB Chain,Polygon,BNB Chain,Polygon,BNB Chain,Polygon,BNB Chain,Polygon,Polygon"
0x000000292a80f339adf98f0c393f281452065a96,"Arbitrum,Optimism,Arbitrum,Optimism,Optimism,BNB Chain,Arbitrum,Base,Arbitrum,Kava,Arbitrum,Polygon,Arbitrum,BNB Chain"
0x00000029ff545c86524ade7caf132527707948c4,"Ethereum,,Ethereum,"
0x0000002bb5a5c7aaf7240fece71a2f55cb41b478,"Optimism,Base,Optimism,Base,Base,Moonbeam,zkSync Era Mainnet,Base,zkSync Era Mainnet,Base"
0x0000002e4a4bdf42d4d6ef07d56564fb511784b6,"Optimism,Base,zkSync Era Mainnet,Base"
0x0000002f964849c6aba45a7ad4df266ef616a256,"Arbitrum,Optimism,Arbitrum,Base,Base,Gnosis,zkSync Era Mainnet,Base"
0x000000324a179a5282f1d43069fb168485621c3a,"Arbitrum,Optimism,Arbitrum,Base,Base,Gnosis,zkSync Era Mainnet,Base,zkSync Era Mainnet,Base,zkSync Era Mainnet,Base"
0x00000032cb44d0ec3a78a18c8dda95071d341d1a,"Base,Arbitrum"
0x000000330657b9fff0584569afa72bb755762510,"Polygon,Core Blockchain Mainnet,Polygon,Mantle,Polygon,Base"
0x0000003435927ee54378030ced0e27b8d4543b96,"Avalanche,Mantle,Avalanche,Kava,Avalanche,Fuse Mainnet,Avalanche,DFK,Avalanche,Klaytn Mainnet Cypress,Avalanche,Polygon zkEVM,zkSync Era Mainnet,Canto,zkSync Era Mainnet,BNB Chain,zkSync Era Mainnet,Arbitrum Nova"
0x00000034a9ac3ee7b0a2cb2e5207dcfa1b998347,"Polygon,Moonbeam,Polygon,Avalanche,Polygon,Core Blockchain Mainnet,Base,Zora"
0x00000036cded8273ec997dd9fcf6c6c0afedf49b,"Fantom,Tenet,BNB Chain,Moonbeam,BNB Chain,Tenet,BNB Chain,Moonbeam,BNB Chain,Gnosis,BNB Chain,Celo Mainnet,BNB Chain,Polygon,Polygon,BNB Chain,Arbitrum,Optimism,Optimism,XPLA Mainnet,Optimism,Klaytn Mainnet Cypress,Optimism,Astar,Optimism,Orderly Mainnet,Optimism,opBNB Mainnet"
0x000000378c82296f41dd89a1e74eef92e4f98235,"Arbitrum,Goerli,Arbitrum,Base,Base,Linea,Linea,Optimism,Arbitrum,Linea,Linea,Base,Base,Optimism,Base,Linea"
0x00000037f874b9ed53951afcff112b31acea33e9,"Arbitrum,Optimism,Optimism,Base,Arbitrum,Optimism,Optimism,Base,Optimism,Base,Base,Gnosis,zkSync Era Mainnet,Base,zkSync Era Mainnet,Base,zkSync Era Mainnet,Base,zkSync Era Mainnet,Base"
0x00000039d07ce382d8d89fd144033869633d278e,"BNB Chain,Polygon,Base,Zora,Base,Polygon,Polygon,Zora,Polygon,Zora,Polygon,Base"
0x0000003ab78dd45950e8255d31c3f8a1d6095911,"Base,Ethereum"
